측정소코드,date,측정일시,SO2,CO,O3,NO2,PM10,PM25,주소,Latitude,Longitude
111121,11/2/2019,2019110213,0.005083333,0.795833333,0.009791667,0.059291667,67.29166667,37.20833333,서울 중구 덕수궁길 15,37.5642629,126.9746757
111122,11/2/2019,2019110213,0.006166667,1,0.009708333,0.059333333,68.58333333,37.26086957,서울 용산구 한강대로 405,37.5490645,126.9704658
111123,11/2/2019,2019110213,0.005083333,0.8125,0.009083333,0.054708333,67.875,37.25,서울 종로구 종로35가길 19,37.5720164,127.0050075
111124,11/2/2019,2019110213,0.005708333,0.945833333,0.012083333,0.059833333,73.5,42.625,서울 중구 청계천로 184,37.5686022,126.9981682
111125,11/2/2019,2019110213,0.004666667,0.741666667,0.007666667,0.055916667,63.58333333,31.45833333,서울 종로구 종로 169,37.570877,126.9965382
111131,11/2/2019,2019110213,0.004416667,0.670833333,0.011916667,0.0555,67.625,37.5,서울 용산구 한남대로 136,37.5400327,127.00485
111141,11/2/2019,2019110213,0.00325,0.820833333,0.010833333,0.042666667,90,43.29166667,서울특별시 광진구 광나루로 571,37.5471803,127.0924929
111142,11/2/2019,2019110213,0.003541667,0.75,0.010708333,0.05575,76.54166667,36.125,서울 성동구 뚝섬로3길 18,37.5418642,127.0496589
111143,11/2/2019,2019110213,0.005875,0.758333333,0.007166667,0.063666667,68.5,41.125,서울 성동구 강변북로 257,37.5386913,127.0420444
111151,11/2/2019,2019110213,0.003541667,0.7125,0.011041667,0.049041667,83.45833333,34,서울 중랑구 용마산로 369,37.5848485,127.0940229
111152,11/2/2019,2019110213,0.003791667,0.7375,0.009875,0.055958333,73.625,34.875,서울 동대문구 천호대로13길 43,37.5757428,127.0288848
111154,11/2/2019,2019110213,0.00525,0.933333333,0.00775,0.054791667,81.41666667,37.45833333,서울 동대문구 홍릉로 1,37.5804857,127.0444312
111161,11/2/2019,2019110213,0.003333333,0.908333333,0.007375,0.054625,83.45833333,28.58333333,서울 성북구 삼양로2길 70,37.6067189,127.0272794
111162,11/2/2019,2019110213,0.004333333,0.829166667,0.003291667,,65.375,42.75,서울 성북구 돈암동 8-164번지,37.6035773,127.0260077
111171,11/2/2019,2019110213,0.003458333,0.808333333,0.00925,0.040958333,60.79166667,33.08695652,서울 도봉구 시루봉로2길 34,37.6541919,127.0290879
111181,11/2/2019,2019110213,0.005291667,0.816666667,0.011916667,0.054791667,65.70833333,37.75,서울 은평구 진흥로 215,37.6098232,126.9348476
111191,11/2/2019,2019110213,0.006125,0.941666667,0.011125,0.04925,66.70833333,29.75,서울 서대문구 세검정로4길 32(홍제3동 주민센터),37.5937254,126.9497493
111201,11/2/2019,2019110213,0.004666667,0.8375,0.007916667,0.062083333,77.04166667,43.5,서울 마포구 포은로 6길 10,37.5555803,126.9055975
111202,11/2/2019,2019110213,0.00525,0.966666667,0.006875,0.063458333,91.25,49.75,서울 마포구 노고산동 57-62,37.5551331,126.9361268
111212,11/2/2019,2019110213,0.009166667,0.829166667,0.010333333,0.054166667,89.75,49.25,서울 강서구 강서로 45 다길 71 화곡3동,37.54464,126.8351506
111213,11/2/2019,2019110213,0.006,0.75,0.00475,0.056916667,75,36.5,서울 강서구 마곡동 727-1091,37.5764888,126.8307466
111221,11/2/2019,2019110213,0.00625,0.541666667,0.01875,0.045833333,72.91666667,52,서울 구로구 가마산로 27길 45,37.4984981,126.8896924
111231,11/2/2019,2019110213,0.002583333,0.6875,0.013791667,0.051083333,69.20833333,40.875,서울특별시 영등포구 당산로 123,37.5261469,126.8961748
111232,11/2/2019,2019110213,0.005791667,0.966666667,0.007208333,0.066583333,92.75,50.54166667,서울 영등포구 영중로 37,37.5193148,126.9046511
111241,11/2/2019,2019110213,0.004625,0.733333333,0.012041667,0.053083333,80.20833333,45.20833333,서울 동작구 사당로16아길 6,37.4809167,126.9714807
111242,11/2/2019,2019110213,0.007291667,0.8625,0.0095,0.063708333,69.16666667,35.95652174,서울 동작구 동작대로 144,37.4893773,126.9829044
111251,11/2/2019,2019110213,0.003583333,0.8375,0.0105,,80.83333333,37.58333333,서울 관악구 신림동길 14,37.4873546,126.927102
111261,11/2/2019,2019110213,0.0045,0.716666667,0.021041667,0.053458333,85.79166667,40.625,서울 강남구 학동로 426,37.5175282,127.0474699
111262,11/2/2019,2019110213,0.004333333,0.595833333,0.016166667,0.052,96.16666667,46.41666667,서울 서초구 신반포로15길 16,37.5045471,126.9944578
111263,11/2/2019,2019110213,,,,,,,서울 강남구 도산대로 104,37.5160375,127.0203278
111264,11/2/2019,2019110213,,,,,,,서울특별시 서초구 강남대로 201,37.48181,127.0357439
111273,11/2/2019,2019110213,0.003416667,0.858333333,0.009875,0.055125,68.875,37.875,서울 송파구 백제고분로 236,37.5026857,127.0925092
111274,11/2/2019,2019110213,0.003625,0.695833333,0.009208333,0.050916667,93.875,46.29166667,서울 강동구 구천면로 42길 59,37.5449625,127.1367917
111275,11/2/2019,2019110213,0.004416667,0.833333333,0.007208333,0.056083333,86.54166667,44.375,서울 강동구 천호대로 1151,37.5341187,127.1393053
111281,11/2/2019,2019110213,0.004333333,0.683333333,0.012125,0.05275,61.70833333,36.25,서울 금천구 금하로21길 20,37.4523569,126.9082956
111282,11/2/2019,2019110213,0.006208333,0.933333333,0.012625,0.065291667,68.95833333,37.45833333,서울 금천구 독산동 996-9,37.4749217,126.8986641
111291,11/2/2019,2019110213,0.003375,0.691666667,0.012458333,0.040125,77.20833333,43.04166667,서울 강북구 삼양로 139길 49,37.6479299,127.0119518
111301,11/2/2019,2019110213,0.007875,0.858333333,0.015791667,0.059875,90.625,44.33333333,서울 양천구 중앙로52길 56,37.5259388,126.8566029
111311,11/2/2019,2019110213,0.005041667,0.804166667,0.007291667,0.022272727,64.125,39.83333333,서울 노원구 상계로 118,37.6574151,127.0678763
111312,11/2/2019,2019110213,0.002416667,0.708333333,0.006375,0.0475,80.875,37.25,서울 노원구 화랑로 429,37.6177168,127.0751199
131111,11/2/2019,2019110213,0.00525,0.783333333,0.017333333,0.043,84.29166667,48.625,경기 수원시 팔달구 신풍로 23번길 68,37.2837982,127.0104725
131112,11/2/2019,2019110213,0.004083333,0.766666667,0.016208333,0.046791667,82.625,45.75,경기 수원시 팔달구 효원로 241,37.26334,127.0286298
131113,11/2/2019,2019110213,0.004333333,0.7125,0.019125,0.046125,75.45833333,38.29166667,경기 수원시 영통구 법조로 129,37.2912716,127.0708178
131114,11/2/2019,2019110213,0.003958333,0.891666667,0.018666667,0.041625,86.54166667,43.25,경기 수원시 영통구 영통로 217번길 12,37.2469271,127.056315
131115,11/2/2019,2019110213,0.005166667,0.675,0.018791667,0.04125,89.45833333,39.25,경기 수원시 장안구 서부로 2066,37.2927558,126.9753032
131116,11/2/2019,2019110213,0.004916667,0.966666667,0.011791667,0.058708333,100.4166667,42.58333333,경기 수원시 팔달구 인계동 1047,37.2764837,127.0306756
131117,11/2/2019,2019110213,0.004125,0.8125,0.014041667,0.045333333,38.75,43.875,경기 수원시 권선구 서부로 1600,37.2522258,126.9763043
131118,11/2/2019,2019110213,0.003,0.7625,0.016875,0.047041667,90.5,39,경기 수원시 권선구 칠보로 161,37.2660998,126.9569005
131120,11/2/2019,2019110213,0.002291667,0.858333333,,0.045958333,74.95833333,33.41666667,경기 성남시 분당구 판교동 652-1,37.3897387,127.1017312
131121,11/2/2019,2019110213,0.0035,0.791666667,0.019375,0.04625,81.54166667,37.25,경기 성남시 수정구 희망로 506번길 21,37.4494794,127.1555122
131123,11/2/2019,2019110213,0.003708333,0.716666667,0.017208333,0.038041667,85.58333333,43.5,경기 성남시 분당구 돌마로 242,37.3607517,127.1195415
131124,11/2/2019,2019110213,0.004416667,0.866666667,0.0135,0.0425,81,35.95833333,경기 성남시 분당구 분당로 50,37.3826616,127.1191025
131125,11/2/2019,2019110213,0.003708333,0.970833333,0.00975,0.063791667,91.45833333,47.5,경기 성남시 수정구 성남대로 1229,37.4398574,127.1276594
131126,11/2/2019,2019110213,0.003666667,0.8625,0.017333333,0.045666667,84.625,37.66666667,경기 성남시 수정구 성남대로 1416번길 22,37.4563702,127.1305861
131128,11/2/2019,2019110213,0.002958333,0.670833333,0.019125,0.041333333,85.83333333,35.375,경기 성남시 분당구 운중로 138번길 10,37.3905882,127.0778385
131129,11/2/2019,2019110213,,,,,,,경기 성남시 중원구 둔촌대로 425,37.4331691,127.1643724
131131,11/2/2019,2019110213,0.004625,0.766666667,0.011125,0.045541667,72.70833333,40.45833333,경기 의정부시 범골로 138,37.735582,127.0404207
131132,11/2/2019,2019110213,0.002916667,0.770833333,0.009833333,0.046791667,82.70833333,41.25,경기 의정부시 가능로152번길 14,37.7463546,127.0476515
131141,11/2/2019,2019110213,0.004,0.629166667,0.014125,0.044291667,92.375,40.29166667,경기 안양시 만안구 안양로170번길 23,37.3899811,126.930629
131142,11/2/2019,2019110213,0.004375,0.816666667,0.017583333,0.046083333,81.5,43.16666667,경기 안양시 동안구 시민대로 235,37.394327,126.9568586
131144,11/2/2019,2019110213,0.0045,0.65,0.016958333,0.042958333,82.79166667,34.20833333,경기 안양시 동안구 경수대로 665번길 11,37.3811543,126.9526713
131145,11/2/2019,2019110213,0.003875,0.779166667,0.015583333,0.052833333,83.16666667,34.875,경기 안양시 만안구 안양로 384번길 50,37.4050438,126.9178175
131161,11/2/2019,2019110213,0.005583333,0.875,0.01625,0.060125,92.45833333,45,경기 광명시 시청로 20,37.4782254,126.8645492
131163,11/2/2019,2019110213,0.00475,0.770833333,0.018083333,0.054416667,80.625,42.625,경기 광명시 소하일로 7,37.4480819,126.8878158
131191,11/2/2019,2019110213,0.0035,0.475,0.019416667,0.046,67.70833333,42.66666667,경기 안산시 단원구 화랑로 387,37.3223041,126.8320891
131192,11/2/2019,2019110213,0.009541667,0.675,0.020041667,0.044916667,103.75,50.54166667,경기 안산시 단원구 산단로 112 근로복지관,37.3346187,126.8121597
131193,11/2/2019,2019110213,0.004458333,0.9625,0.018833333,0.04925,81.95833333,44.20833333,경기 안산시 상록구 각골길 75,37.2939824,126.8761685
131194,11/2/2019,2019110213,0.005541667,,0.018666667,0.069291667,80.41666667,21.04166667,경기 안산시 단원구 원선로 91,37.3316323,126.8017577
131195,11/2/2019,2019110213,0.006416667,0.7875,0.017416667,0.054708333,83.375,37.83333333,경기 안산시 상록구 성호로 326,37.3317612,126.8610601
131196,11/2/2019,2019110213,0.005208333,0.5375,0.026958333,0.0255,67.20833333,33.25,경기 안산시 단원구 대부중앙로 97-9,37.2434616,126.5852859
131197,11/2/2019,2019110213,0.005708333,0.675,0.017083333,0.045666667,66,35.75,경기 안산시 단원구 안산천남로 119,37.304889,126.8335215
131198,11/2/2019,2019110213,0.005083333,0.629166667,,0.06175,70.70833333,39.95833333,경기 안산시 단원구 중앙대로 822,37.3167025,126.8279203
131201,11/2/2019,2019110213,0.00475,0.85,0.014625,0.044208333,87.41666667,37.66666667,경기 과천시 코오롱로 53,37.423889,126.9945116
131202,11/2/2019,2019110213,0.00375,0.770833333,0.016,0.041291667,87.66666667,38.16666667,경기 과천시 상하벌로 17,37.4488064,127.002329
131211,11/2/2019,2019110213,0.002791667,0.466666667,0.015458333,0.041916667,83.45833333,39.66666667,경기 구리시 아차산로 439,37.5944593,127.1297442
131212,11/2/2019,2019110213,0.002791667,0.583333333,0.0105,0.035166667,80.45833333,42.25,경기 구리시 동구릉로 217-14,37.6184502,127.1383205
131222,11/2/2019,2019110213,0.004333333,0.779166667,0.015541667,0.050833333,94.16666667,48.20833333,경기도 의왕시 덕영대로 166,37.322429,126.9574052
131223,11/2/2019,2019110213,0.003791667,0.670833333,0.018083333,0.040375,74.33333333,38.66666667,경기 의왕시 시청로 11,37.3448076,126.9687218
131231,11/2/2019,2019110213,0.005125,0.679166667,0.017416667,0.045916667,92.125,48.625,경기 시흥시 정왕대로 233번길 19,37.3468122,126.7400834
131232,11/2/2019,2019110213,0.006583333,0.729166667,0.022291667,0.042583333,92.16666667,43.95833333,경기 시흥시 공단1대로 204,37.3371763,126.7241038
131233,11/2/2019,2019110213,0.005166667,0.8625,0.0155,0.057666667,90.16666667,57.75,경기 시흥시 복지로 37,37.4430567,126.7884021
131241,11/2/2019,2019110213,0.002708333,0.825,0.01025,0.035083333,79.33333333,32.83333333,경기 남양주시 경춘로 1037,37.635612,127.2161882
131242,11/2/2019,2019110213,0.002333333,0.679166667,0.017458333,0.033833333,81.66666667,41.79166667,경기 남양주시 오남읍 진건오남로 806-34,37.6986717,127.2047293
131243,11/2/2019,2019110213,0.002875,0.6375,0.009125,0.043666667,76.29166667,41.75,경기 남양주시 별내중앙로 148,37.6529244,127.1158597
131244,11/2/2019,2019110213,0.003333333,0.691666667,0.013416667,0.032041667,82.66666667,43.91666667,경기 남양주시 화도읍 비룡로 59,37.6578222,127.3007017
131341,11/2/2019,2019110213,,,,,,,경기 평택시 중앙로 275,36.9921615,127.1127735
131342,11/2/2019,2019110213,0.004083333,0.416666667,0.021583333,0.032583333,87.04166667,47.45833333,경기 평택시 안중읍 안현로 400,36.9857025,126.9319394
131343,11/2/2019,2019110213,0.005875,0.391666667,0.022,0.029291667,96.79166667,43.66666667,경기 평택시 포승읍 평택항로184번길 38,36.9746048,126.8455396
131344,11/2/2019,2019110213,0.003916667,0.6375,0.019041667,0.035916667,90.95833333,42.25,경기 평택시 지산2로 113,37.0815628,127.0601154
131371,11/2/2019,2019110213,0.003833333,0.745833333,0.00925,0.036333333,88,48.29166667,경기 파주시 후곡로 13,37.756308,126.7738979
131372,11/2/2019,2019110213,0.003708333,0.5875,0.007416667,0.042041667,84.41666667,44,경기 파주시 와석순환로 470,37.7133199,126.7523421
131373,11/2/2019,2019110213,0.0018625,0.291666667,0.027,0.011083333,80.54166667,38.95833333,경기 파주시 군내면 통일촌길,37.9086753,126.7328022
131381,11/2/2019,2019110213,0.004375,0.745833333,0.01225,0.046625,76.875,36.875,경기 고양시 덕양구 화신로 148 행신배수지,37.6249148,126.8419307
131382,11/2/2019,2019110213,0.003916667,0.508333333,0.009958333,0.024458333,76.08333333,42.58333333,경기 고양시 일산동구 위시티로 151,37.6855139,126.8134414
131383,11/2/2019,2019110213,0.00475,0.7125,0.008583333,0.051916667,78.125,44.125,경기 고양시 일산동구 장항2동 888,37.6544418,126.7755376
131384,11/2/2019,2019110213,0.002708333,0.583333333,0.007916667,0.044375,77.5,38.29166667,경기 고양시 덕양구 신원2로 24,37.6743374,126.877559
131385,11/2/2019,2019110213,0.004458333,0.7375,0.0085,0.043791667,85.16666667,45.875,경기 고양시 일산서구 주엽로 104,37.6682874,126.7563992
131392,11/2/2019,2019110213,0.003,0.733333333,0.012916667,0.038125,86.625,40.91666667,경기 광주시 중앙로 128,37.4111587,127.2579705
131411,11/2/2019,2019110213,0.003625,0.683333333,0.017666667,0.040375,76.25,39.08333333,경기 용인시 처인구 금령로 50,37.2344735,127.2014077
131412,11/2/2019,2019110213,0.003083333,0.620833333,0.01475,0.041958333,85,35.45833333,경기 용인시 수지구 수지로 342번길3,37.3278713,127.0950572
131413,11/2/2019,2019110213,0.003833333,0.6375,0.018041667,0.042958333,90.75,41.04166667,경기 용인시 기흥구 관곡로 95,37.2802242,127.1151398
131414,11/2/2019,2019110213,0.003541667,0.758333333,,0.044833333,92.29166667,37.66666667,경기 용인시 기흥구 구갈동 505-3,37.2753236,127.1137437
131415,11/2/2019,2019110213,0.0035,0.608333333,0.018916667,0.023458333,90.875,40.16666667,경기 용인시 처인구 모현읍 독점로 31-6,37.3294787,127.2422761
131416,11/2/2019,2019110213,0.002916667,0.858333333,0.025291667,0.028375,91.625,47.20833333,경기 용인시 처인구 이동읍 경기동로 673,37.1410424,127.1961056
131417,11/2/2019,2019110213,0.001625,0.8125,0.019166667,0.019291667,99.08333333,52.29166667,경기 용인시 처인구 백암면 백암로185번길 8-11,37.1633853,127.3748183
131441,11/2/2019,2019110213,0.001183333,0.454166667,0.025916667,0.016425,100.125,58.75,경기 이천시 설성면 신필리,37.1341727,127.5488999
131442,11/2/2019,2019110213,0.003791667,0.679166667,0.018041667,0.030375,87.5,43.54166667,경기 이천시 영창로 163번길 28,37.2834841,127.4408551
131443,11/2/2019,2019110213,0.0025,0.591666667,0.015333333,0.017333333,85.33333333,50.45833333,경기 이천시 장호원읍 오남리 27,37.1142499,127.6296637
131451,11/2/2019,2019110213,0.001054167,0.6125,0.033208333,0.008375,78.25,29.875,경기 포천시 관인면,38.1576945,127.2511679
131453,11/2/2019,2019110213,0.005083333,0.75,0.016208333,0.016083333,95.45833333,45.125,경기 포천시 삼육사로 2186번길 11-15,37.85411,127.1590595
131454,11/2/2019,2019110213,0.003958333,0.608333333,0.027833333,0.01625,92.95833333,43,경기 포천시 일동면 화동로1099번길 30,37.961189,127.317272
131471,11/2/2019,2019110213,0.003333333,0.55,0.008791667,0.028916667,94.08333333,46.20833333,경기 김포시 돌문로 51,37.6193346,126.7167484
131472,11/2/2019,2019110213,0.004,0.545833333,0.00725,0.043,77.20833333,38.70833333,경기 김포시 고촌읍 신곡로 152,37.6067242,126.7628306
131473,11/2/2019,2019110213,0.002791667,0.520833333,0.016666667,0.030583333,77.16666667,44.5,경기도 김포시 월곶면 군하로 263,37.7084482,126.5601573
131501,11/2/2019,2019110213,0.005083333,0.6375,0.020041667,0.046666667,89.29166667,45.29166667,경기 군포시 산본로197번길 36,37.3536799,126.9451564
131502,11/2/2019,2019110213,0.004458333,0.5875,0.013416667,0.041333333,73.20833333,35.83333333,경기 군포시 청백리길 6,37.3616583,126.933641
131531,11/2/2019,2019110213,0.004208333,0.6375,0.022458333,0.040208333,90.20833333,42.95833333,경기 오산시 경기동로 51,37.1591931,127.0770596
131532,11/2/2019,2019110213,0.003416667,0.625,0.019458333,0.03526087,74.5,38.83333333,경기 오산시 금암로 7,37.1714454,127.0462795
131541,11/2/2019,2019110213,0.003458333,0.616666667,0.014708333,0.040833333,74.70833333,32.625,경기 하남시 대청로 10,37.5391091,127.2146082
131551,11/2/2019,2019110213,0.00575,0.55,0.018791667,0.029625,81.5,35.95833333,경기 화성시 남양읍 남양성지로 192-5,37.2114511,126.8240023
131552,11/2/2019,2019110213,0.006,0.554166667,0.022458333,0.033541667,92.5,53.375,경기 화성시 향남읍 발안로 89,37.1323558,126.920186
131553,11/2/2019,2019110213,0.005333333,0.720833333,0.02325,0.027608696,84.75,49.125,경기 화성시 동탄반석로 87,37.196921,127.0722999
131554,11/2/2019,2019110213,0.006291667,0.616666667,0.030791667,0.028041667,94.375,53.04166667,경기 화성시 우정읍 쌍봉로 109-14,37.0897973,126.8153798
131555,11/2/2019,2019110213,0.006375,0.55,0.034875,0.017833333,95.375,44.54166667,경기 화성시 동탄순환대로22길 13,37.199327,127.0970177
131561,11/2/2019,2019110213,0.003708333,0.645833333,0.012125,0.032583333,77.45833333,46,경기 양주시 백석읍 꿈나무로 199,37.7923901,126.9871678
131562,11/2/2019,2019110213,0.003083333,0.7,0.014041667,0.036166667,88.79166667,42.83333333,경기 양주시 고읍남로 205,37.7925771,127.0843348
131571,11/2/2019,2019110213,0.004708333,0.575,0.020333333,0.027166667,80.66666667,41.04166667,경기 동두천시 싸리말로 28,37.917603,127.0612905
131581,11/2/2019,2019110213,0.002375,0.645833333,0.027958333,0.023083333,106.7083333,52.95833333,경기 안성시 시청길 25,37.0078632,127.2798557
131591,11/2/2019,2019110213,0.004375,0.645833333,0.011041667,0.025375,87.58333333,59.75,경기 여주시 여흥로11번길 26,37.2986625,127.6289364
131601,11/2/2019,2019110213,0.002791667,0.525,0.023791667,0.013,59.70833333,29.95833333,경기 연천군 연천읍 차현로 58,38.096446,127.0763242
131611,11/2/2019,2019110213,0.004,0.583333333,0.017791667,0.013375,60.20833333,31.95833333,경기도 가평군 가평읍 석봉로 181,37.8312168,127.5097695
131621,11/2/2019,2019110213,0.002041667,0.633333333,0.019666667,0.015666667,82.375,37.20833333,경기 양평군 용문면 용문로 395,37.4872119,127.596191
132112,11/2/2019,2019110213,0.003041667,0.670833333,0.007875,0.024916667,88.375,43.125,강원 춘천시 중앙로길 135(중앙로 3가 67-1),37.8757473,127.7207644
132113,11/2/2019,2019110213,0.004,0.875,0.007708333,0.026916667,82.16666667,35.66666667,강원 춘천시 외솔길 17(석사동 322-1),37.8570697,127.7494966
132401,11/2/2019,2019110213,0.001641667,0.433333333,0.031458333,0.002329167,57.41666667,,강원 양구군 방산면 송현1리,38.2270041,127.9573884
132402,11/2/2019,2019110213,0.001875,0.625,0.02325,0.011208333,66.91666667,36.41666667,강원 양구군 양구읍 관공서로 33,38.1092109,127.9897018
221112,11/2/2019,2019110213,0.004625,0.3625,0.032458333,0.014,52.83333333,19.83333333,부산 중구 광복로 55번길 10,35.0999626,129.0304169
221131,11/2/2019,2019110213,0.005,0.4375,0.028458333,0.028208333,54.79166667,22.70833333,부산 동구 중앙대로349번길 14,35.1269822,129.0462732
221141,11/2/2019,2019110213,0.006708333,0.325,0.035916667,0.017166667,49.875,16.91666667,부산 영도구 전망로 24,35.0597259,129.0798403
221152,11/2/2019,2019110213,0.003708333,0.4125,0.025958333,0.0275,58.04166667,20.25,부산 진구 전포대로 209번길 26,35.1561824,129.063288
221162,11/2/2019,2019110213,0.003166667,0.4625,0.017291667,0.037708333,52.16666667,23.91666667,부산 동래구 중앙대로1335번길 38,35.207171,129.0763383
221163,11/2/2019,2019110213,,,0.022791667,0.019916667,55,17.875,부산 동래구 명장로 32,35.2047548,129.1043271
221172,11/2/2019,2019110213,0.003875,0.541666667,0.035833333,0.018041667,47.70833333,17.54166667,부산 남구 수영로 196번길 80,35.1303214,129.087685
221181,11/2/2019,2019110213,0.003833333,0.433333333,0.018791667,0.026791667,64.125,29.58333333,부산 사상구 대동로 205,35.1460848,128.9838273
221182,11/2/2019,2019110213,0.003083333,0.5125,0.024833333,0.027791667,56.91666667,26.08333333,부산 북구 덕천2길 10,35.2084015,129.0066425
221191,11/2/2019,2019110213,,,0.024708333,0.018958333,51.25,20.875,부산 금정구 청룡로 25,35.2752567,129.0898808
221192,11/2/2019,2019110213,0.004291667,0.291666667,0.032333333,0.017583333,50.54166667,28.45833333,부산 해운대구 양운로 91,35.1708897,129.1742254
221202,11/2/2019,2019110213,0.00475,0.416666667,0.022083333,0.024375,65.29166667,33.125,부산 사하구 장림로 161번길 2,35.0829924,128.9668748
221211,11/2/2019,2019110213,0.003291667,0.4625,0.018125,0.023625,58.29166667,25.08333333,부산강서구 체육공원로 43,35.2095518,128.9715381
221212,11/2/2019,2019110213,0.004125,0.4,0.024875,0.021291667,61.33333333,30.25,부산 강서구 녹산산단 382로 49번길 39,35.0866325,128.8639161
221221,11/2/2019,2019110213,0.002416667,0.6,0.021166667,0.029083333,55.79166667,21.66666667,부산 연제구 중앙대로 1001,35.179665,129.0747635
221231,11/2/2019,2019110213,0.004125,0.358333333,0.03,0.02,44.625,16.41666667,부산 기장군 기장읍 읍내로 69,35.2460563,129.2118283
221233,11/2/2019,2019110213,0.003083333,0.341666667,0.026833333,0.015041667,46.75,23.54166667,부산 기장군 정관읍 용수로 4,35.3255581,129.1801399
221241,11/2/2019,2019110213,0.00475,0.308333333,0.034791667,0.014958333,46.16666667,18.41666667,부산 동구 구청로 1,35.129335,129.0454233
221251,11/2/2019,2019110213,0.002458333,0.408333333,0.024125,0.020875,52.58333333,22.25,부산 금정구 부곡로156번길 7,35.2298391,129.0927136
221271,11/2/2019,2019110213,,,0.026166667,0.025625,55.95833333,23.83333333,부산 수영구 광안로21번가길 57,35.1571776,129.1181495
221281,11/2/2019,2019110213,0.004208333,0.395833333,0.031375,0.0165,55.58333333,19.875,부산 서구 대신로 150,35.1173229,129.0156411
221282,11/2/2019,2019110213,0.003166667,0.445833333,0.020875,0.027541667,58.33333333,29.04166667,부산 사상구 삼덕로 83,35.1737836,128.9860524
221283,11/2/2019,2019110213,0.004625,0.558333333,0.019458333,0.039125,55.375,24.29166667,부산 부산진구 개금온정로17번길 51,35.1552024,129.0226849
221284,11/2/2019,2019110213,0.002041667,0.516666667,0.028916667,0.026541667,48.625,22.5,부산 사하구 제석로 41,35.1055492,128.9731784
221901,11/2/2019,2019110213,0.005625,0.416666667,0.024666667,0.03275,49.95833333,20.875,부산 동구 충장대로 314,35.1252547,129.0568122
221902,11/2/2019,2019110213,0.004625,0.370833333,0.032791667,0.035875,57.95833333,26.33333333,부산 강서구 신항남로 416,35.2122157,128.9805666
238111,11/2/2019,2019110213,0.002791667,0.370833333,0.024666667,0.030333333,82.04166667,32.08333333,경남 창원시 마산회원구 회원동 11번길 7,35.2256269,128.5735191
238112,11/2/2019,2019110213,0.002583333,0.316666667,0.026291667,0.021416667,69.54166667,29.04166667,경남 창원시 마산회원구 봉암로 148,35.2177911,128.6023239
238120,11/2/2019,2019110213,0.002958333,0.545833333,0.040166667,0.013916667,39.375,11.70833333,울산 동구 대송5길 10,35.5031652,129.4183606
238121,11/2/2019,2019110213,0.002791667,0.441666667,0.024166667,0.024208333,51.33333333,22.83333333,울산 중구 새즈믄해거리 28,35.5564272,129.3206864
238122,11/2/2019,2019110213,0.006125,0.858333333,0.02275,0.02625,62.33333333,27.95833333,울산 남구 처용로 260-37,35.4965858,129.3397429
238123,11/2/2019,2019110213,0.0145,0.470833333,0.021208333,0.029,59.29166667,22.70833333,울산 남구 부두로 9,35.5156009,129.3671103
238124,11/2/2019,2019110213,,0.67,0.0209,0.0225,40.1,16.77777778,울산 남구 대암로 90번길 27,35.5286805,129.3260344
238125,11/2/2019,2019110213,0.006375,0.616666667,0.025875,0.025416667,54.20833333,22.04166667,울산 남구 삼산중로 131번길 36,35.5444376,129.3319576
238126,11/2/2019,2019110213,0.003125,0.7,0.019416667,0.023291667,46.5,23.75,울산 남구 신정2동(문수로),35.5355601,129.2857706
238127,11/2/2019,2019110213,0.00325,0.6125,0.026958333,0.024083333,45.91666667,20.375,울산 남구 봉월로 20번길 9,35.5346671,129.3078652
238128,11/2/2019,2019110213,0.006083333,0.516666667,0.021208333,0.023791667,50.625,22.79166667,울산 울주군 온산읍 명봉거남로 2,35.4346936,129.3144896
238129,11/2/2019,2019110213,0.003958333,0.554166667,0.016875,0.030041667,49.91666667,25.125,울산 남구 대학로 147번길 38,35.5509531,129.2606969
238130,11/2/2019,2019110213,0.002458333,0.345833333,0.019,0.026833333,56.95833333,23.33333333,울산 북구 염포로 290,35.5603091,129.3708991
238131,11/2/2019,2019110213,0.003125,0.6125,0.021541667,0.021208333,70.08333333,28.375,경남 진주시 비봉로 85번길 12,35.1982785,128.0780667
238132,11/2/2019,2019110213,0.002,0.641666667,0.016791667,0.011708333,65.5,16.79166667,경남 진주시 진주대로 1052,35.1935291,128.0845311
238133,11/2/2019,2019110213,0.00275,0.658333333,0.020291667,0.022916667,74.5,24.25,경남 진주시 동진로 279,35.1808639,128.1224577
238141,11/2/2019,2019110213,0.003375,0.6375,0.029083333,0.024666667,78.20833333,31.625,경남 창원시 의창구 우곡로 101번길 85센터),35.243391,128.641757
238142,11/2/2019,2019110213,0.004375,0.683333333,0.023125,0.030916667,89.33333333,31.04166667,경남 창원시 성산구 공단로 303,35.2115193,128.6574869
238143,11/2/2019,2019110213,0.003333333,0.675,0.01725,0.035333333,72.70833333,36.70833333,경남 창원시 성산구 외리로14번길 18,35.1995148,128.7108062
238144,11/2/2019,2019110213,0.00225,0.6375,0.025375,0.027541667,70.16666667,32.25,경남 창원시 의창구 용지로 239번길 19-4,35.2360419,128.6845362
238145,11/2/2019,2019110213,0.003291667,0.533333333,0.019333333,0.0305,62.75,29.95833333,경남 창원시 의창구 원이대로 450,35.2341507,128.6646492
238146,11/2/2019,2019110213,0.002916667,0.579166667,0.018375,0.033583333,77.625,36.29166667,경남 창원시 성산구 창이대로 706번길 16-23,35.2217294,128.6982501
238151,11/2/2019,2019110213,0.00375,0.491666667,0.034291667,0.021875,58.83333333,19.16666667,경남 창원시 진해구 경화로16번길 31,35.1549718,128.6895781
238152,11/2/2019,2019110213,0.004041667,0.5,0.022083333,0.033208333,59.41666667,28.20833333,경남 창원시 마산합포구 월영동16길 22,35.1830894,128.5628829
238161,11/2/2019,2019110213,0.00275,0.5,0.035666667,0.010958333,57.83333333,20.91666667,경남 하동군 하동읍 군청로 23,35.0676953,127.7515937
238181,11/2/2019,2019110213,0.002416667,0.5,0.027916667,0.020083333,80.56521739,30.58333333,경남 김해시 호계로 517번길 8,35.2369428,128.8833569
238182,11/2/2019,2019110213,0.002875,0.379166667,0.033666667,0.025916667,69.41666667,23.95833333,경남 김해시 활천로 303,35.2442936,128.9117944
238183,11/2/2019,2019110213,0.003916667,0.466666667,0.018833333,0.031833333,56.66666667,28.54166667,경남 김해시 장유동 능동로 149,35.202364,128.8072209
238184,11/2/2019,2019110213,0.003375,0.570833333,0.029083333,0.026875,71.04166667,34.83333333,경남 김해시 진영읍 김해대로365번길 6-24,35.3076898,128.7313193
238191,11/2/2019,2019110213,,,,,,19.91666667,경남 거제시 남부면 저구리,34.7152438,128.5997638
238201,11/2/2019,2019110213,0.002083333,0.5125,0.036833333,0.016083333,52.75,19.70833333,경남 거제시 아주로 3길 7,34.8660056,128.6921523
238211,11/2/2019,2019110213,0.003375,0.529166667,0.027083333,0.018458333,68.5,29.125,경남 사천시 사천읍 읍내로 52,35.0828686,128.091228
238241,11/2/2019,2019110213,0.0010375,0.3375,0.029333333,0.005611765,62.375,,경남 창원시 의창구 대산면 갈전로99번길 100,35.3730532,128.6756984
238361,11/2/2019,2019110213,0.002416667,0.55,0.021708333,0.024583333,60.58333333,25.125,경남 양산시 북부동 북안남 5번길 21,35.3455343,129.0466475
238362,11/2/2019,2019110213,0.002958333,0.520833333,0.02275,0.024291667,63.66666667,29.83333333,경상남도 양산시 삼호9길 11,35.4144079,129.1720037
238371,11/2/2019,2019110213,0.006291667,0.533333333,0.0295,0.021541667,54.29166667,15.58333333,울산 울주군 온산읍 산암로 94,35.4376283,129.3381189
238373,11/2/2019,2019110213,0.002958333,0.475,0.019708333,0.021583333,51.95833333,24.45833333,울산 울주군 청량면 신덕하3길 5,35.4931071,129.3059206
238374,11/2/2019,2019110213,0.002583333,0.520833333,0.018833333,0.016458333,57.66666667,22,울산 북구 호계7길 13,35.6255794,129.3551494
238375,11/2/2019,2019110213,0.003625,0.570833333,0.028291667,0.014708333,62.95833333,28.375,울산 울주군 삼남면 서향교1길 67-12,35.5583314,129.113771
238376,11/2/2019,2019110213,0.002125,0.325,0.025625,0.014708333,44.20833333,15.66666667,울산 중구 종가로 560,35.5794053,129.3383771
238381,11/2/2019,2019110213,0.003583333,0.258333333,0.04275,0.0145,40.45833333,13.125,울산 동구 진성4길 45 전하2동,35.5088419,129.426667
238401,11/2/2019,2019110213,0.002583333,0.258333333,0.028208333,0.0175,61.04166667,25,경남 밀양시 중앙로,35.484144,128.7597929
238411,11/2/2019,2019110213,0.003291667,0.4,0.027,0.0235,62.95833333,20.70833333,경남 통영시 안개4길,34.8581107,128.4320016
238421,11/2/2019,2019110213,0.002416667,0.45,0.0295,0.017625,68,25.29166667,경남 고성군 고성읍 중앙로 35,34.9745081,128.3244711
238431,11/2/2019,2019110213,0.002291667,0.5375,0.02475,0.017958333,77.79166667,36.66666667,경남 거창군 거창읍 거열로 90,35.6878001,127.9038569
238441,11/2/2019,2019110213,0.002166667,0.545833333,0.022041667,0.014458333,77.04166667,31.83333333,경남 함안군 가야읍 함안대로 505,35.2719801,128.4082324
238451,11/2/2019,2019110213,0.001916667,0.479166667,0.027291667,0.013125,68.33333333,30.5,경남 함양군 함양읍 고운로 35,35.5211326,127.724559
238461,11/2/2019,2019110213,0.003041667,0.420833333,0.032375,0.012083333,69.91666667,29.5,경남 남해군 남해읍 남해대로 2745,34.8318658,127.8999896
238471,11/2/2019,2019110213,0.002375,0.4625,0.02275,0.011833333,50.91666667,28.33333333,경남 산청군 산청읍 산엔청로 6,35.4149775,127.8741392
238481,11/2/2019,2019110213,0.001683333,0.529166667,0.020708333,0.01145,,40.25,경남 거창군 남상면 인평길 36,35.6431884,127.910199
238491,11/2/2019,2019110213,0.003166667,0.395833333,0.026875,0.010916667,52.54166667,25,경남 의령군 의령읍 의병로8길 44,35.3164888,128.2551838
238501,11/2/2019,2019110213,0.003041667,0.470833333,0.024833333,0.020208333,61.08333333,30.70833333,경남 창녕군 창녕읍 우포2로 1189-35,35.5453047,128.4883897
238511,11/2/2019,2019110213,0.002416667,0.454166667,0.025958333,0.009583333,53.66666667,26.70833333,경남 합천군 합천읍 중앙로 61,35.5659728,128.1579188
324115,11/2/2019,2019110213,0.003565217,0.695652174,0.026782609,0.025043478,85.95454545,41.63636364,광주 동구 서남로 1,35.1458272,126.9233266
324121,11/2/2019,2019110213,0.004416667,0.908333333,0.018875,0.041375,78.33333333,41.25,광주 서구 상무대로 1165 (광주시립미술관 상록전시관 단독건물),35.1549354,126.8884867
324123,11/2/2019,2019110213,,,,,,,광주 서구 상무자유로 170,35.1512575,126.8527452
324133,11/2/2019,2019110213,0.003541667,0.708333333,0.0265,0.0325,88.75,35.66666667,광주 북구 군왕로 141번길 6 (두암보건지소),35.1743024,126.9325439
324134,11/2/2019,2019110213,0.004125,0.783333333,0.01425,0.039291667,84.5,36.58333333,광주 북구 북문대로 79,35.1768336,126.8772275
324135,11/2/2019,2019110213,0.003291667,0.616666667,0.028125,0.018833333,82.25,40.79166667,광주 북구 첨단과기로 333 (광주테크노파크 벤처지원센터 옥상),35.229326,126.8618778
324141,11/2/2019,2019110213,0.003583333,0.604166667,0.027458333,0.0235,75,30.54166667,광주 광산구 광산로 70,35.1407186,126.7988012
324142,11/2/2019,2019110213,0.003666667,0.495833333,0.028125,0.021375,68.125,40.875,광주 광산구 하남산단 6번로 107,35.2044277,126.8077683
324155,11/2/2019,2019110213,0.004458333,0.7625,0.017,0.045375,82.75,40.375,광주 남구 회서로 21번가길 13,35.1319164,126.8933471
335115,11/2/2019,2019110213,0.003416667,0.545833333,0.036958333,0.018333333,83.79166667,53.125,전북 전주시 완산구 물왕멀3길 29,35.8283158,127.1482038
336111,11/2/2019,2019110213,0.002916667,0.616666667,0.038041667,0.01575,81.875,31.08333333,전남 목포시 동부로 31번길 20(용당1동 주민센터 옥상),34.8059313,126.3917861
336112,11/2/2019,2019110213,0.0025,0.4875,0.039875,0.014291667,74.70833333,28.70833333,전남 목포시 삼향천로 28(옥암동),34.8042785,126.4345702
336121,11/2/2019,2019110213,0.003333333,0.358333333,0.021291667,0.011083333,62.75,20.70833333,전남 여수시 서교1길 28-1(서강동),34.7413013,127.7259667
336124,11/2/2019,2019110213,0.009833333,0.691666667,0.025875,0.02325,76,31.33333333,전남 여수시 여수산단로 1201(월내동),34.8469538,127.7269082
336125,11/2/2019,2019110213,0.003166667,0.654166667,0.035041667,0.019166667,64.29166667,,전남 여수시 여문1로 71(문수동),34.7545485,127.7027602
336127,11/2/2019,2019110213,0.00625,0.725,0.022708333,0.025375,75.33333333,29.70833333,전남 여수시 무선로 190(선원동),34.774316,127.6503432
336128,11/2/2019,2019110213,0.00525,0.533333333,0.048958333,0.016,67.83333333,25.75,전남 여수시 덕충안길 95,34.7536047,127.7464147
336131,11/2/2019,2019110213,0.005791667,0.558333333,0.030708333,0.018458333,69.41666667,34.91666667,전남 순천시 장명로 30(장천동),34.950357,127.4871893
336132,11/2/2019,2019110213,0.004875,0.641666667,0.029041667,0.032083333,70.25,33.125,전남 순천시 연향번영길 54(연향동),34.9471023,127.5185748
336133,11/2/2019,2019110213,0.005833333,,0.03,0.014625,67.375,,전남 순천시 순천만길 513-25(대대동),34.8903584,127.5074556
336134,11/2/2019,2019110213,0.008583333,,0.038375,0.019458333,67.75,24.79166667,전남 순천시 해룡면 호두리 276-9,34.89349,127.5729911
336135,11/2/2019,2019110213,0.006416667,0.7,0.02725,0.031416667,71.375,31.20833333,전남 순천시 해룡면 매안로 162,34.9349056,127.5499452
336141,11/2/2019,2019110213,0.00275,0.479166667,0.030791667,0.013875,61.375,35.70833333,전남 나주시 빛가람로 719,35.0157729,126.756466
336151,11/2/2019,2019110213,0.0031,0.33,0.01765,0.0119,71.68421053,39.31578947,전라남도 담양군 담양읍 면앙정로 730,35.3119178,126.9739873
336161,11/2/2019,2019110213,0.002666667,0.433333333,0.018875,0.021125,64.29166667,29.5,전남 장성군 장성읍 영천로 211,35.3032412,126.7854186
336221,11/2/2019,2019110213,0.003166667,0.591666667,0.031458333,0.008833333,70.375,23.66666667,전남 여수시 화양면 평촌길 2-6,34.685678,127.5974116
336222,11/2/2019,2019110213,0.005375,0.820833333,0.01425,0.019,74.91666667,30.54166667,전남 여수시 율촌면 동산개길 2,34.8819254,127.5787832
336223,11/2/2019,2019110213,0.004583333,0.454166667,0.022125,0.017291667,67.16666667,27.29166667,전남 여수시 상암로 601-1,34.8247641,127.7316146
336352,11/2/2019,2019110213,0.006458333,0.708333333,0.034625,0.022708333,80.75,27.875,전남 광양시 중마중앙로 109,34.9399202,127.6976867
336353,11/2/2019,2019110213,0.004,0.5875,0.037208333,0.012666667,63.08333333,31.95833333,전남 광양시 태인길 376(태인동),34.9418681,127.7570687
336354,11/2/2019,2019110213,0.006083333,0.5875,0.027,0.007791667,65.58333333,31.125,전남 광양시 진상면 신시길 227(섬거리),35.0199965,127.7196204
336355,11/2/2019,2019110213,0.00575,0.670833333,0.036416667,0.017958333,63.25,28.29166667,전남 광양시 광양읍 인덕로 1100(칠성리),34.9808199,127.5830722
336361,11/2/2019,2019110213,0.004125,0.508333333,0.031083333,0.01675,77.41666667,37.25,전남 해남군 해남읍 남부순환로 114,34.5653663,126.5992239
336441,11/2/2019,2019110213,0.005791667,0.6125,0.03425,0.021875,67.33333333,28,전남 영암군 삼호읍 나불로 192(나불리),34.766809,126.4391929
336451,11/2/2019,2019110213,0.003375,0.366666667,0.043166667,0.00475,63.5,24.83333333,전남 화순군 북면 송단리,35.1779597,127.1715261
336452,11/2/2019,2019110213,0.002791667,0.45,0.024416667,0.017791667,67.54166667,30.77272727,전남 화순군 화순읍 동헌길 9-24,35.0652792,126.9859184
336461,11/2/2019,2019110213,0.004541667,0.608333333,0.0415,0.013541667,65.08333333,33.45833333,전남 영광군 영광읍 물무로2길 61,35.2779955,126.5119937
336471,11/2/2019,2019110213,0.003791667,0.5125,0.035791667,0.011791667,65.54166667,33.20833333,전남 장흥군 장흥읍 흥성로 23,34.6744033,126.9066368
336481,11/2/2019,2019110213,0.002416667,0.558333333,0.025875,0.008625,55.5,22.25,전남 진도군 진도읍 진도대로 7195,34.4787961,126.2693619
336491,11/2/2019,2019110213,0.002958333,0.6375,0.034625,0.007041667,79.29166667,27.20833333,전남 완도군 신지면 신지로 567,34.3345834,126.8284708
336501,11/2/2019,2019110213,0.0025,0.616666667,0.028041667,0.012083333,63.70833333,29.08333333,전남 함평군 함평읍 중앙길 39,35.0619922,126.5226551
336511,11/2/2019,2019110213,0.00225,0.666666667,0.021916667,0.012458333,67.66666667,29.16666667,전남 고흥군 고흥읍 터미널길 11,34.6062874,127.2806721
336521,11/2/2019,2019110213,0.004625,0.3125,0.052166667,0.008375,59.54166667,24.125,전남 신안군 안좌면 중부로 860,34.7555423,126.1261226
336531,11/2/2019,2019110213,0.001916667,0.5,0.035,0.0085,72.5,30,전남 무안군 무안읍 성내1길 2,34.9903602,126.4763189
336541,11/2/2019,2019110213,0.003708333,0.5125,0.035916667,0.010041667,53.45833333,26.70833333,전남 강진군 강진읍 동성로 72,34.6446322,126.7713761
336551,11/2/2019,2019110213,0.003583333,0.658333333,0.024625,0.00775,68.625,38.125,전남 곡성군 곡성읍 학정3길 6,35.2834583,127.2896668
336561,11/2/2019,2019110213,0.002666667,0.566666667,0.018708333,0.012833333,63.41666667,37.08333333,전남 구례군 구례읍 동편제길 30,35.2159325,127.4614696
336571,11/2/2019,2019110213,0.003083333,0.7125,0.024791667,0.011666667,71.54166667,27.125,전남 보성군 벌교읍 체육공원길 35,34.8419193,127.3477958
339111,11/2/2019,2019110213,0.001541667,0.3875,0.055458333,0.013666667,84.04166667,34.41666667,제주 제주시 이도2동 1176-1(제주시청),33.499597,126.531254
339112,11/2/2019,2019110213,0.001875,0.366666667,0.054666667,0.011291667,80.20833333,29.41666667,제주 제주시 연동 322-1 번지 제주특별자치도청 제2청사,33.4889311,126.5004238
339121,11/2/2019,2019110213,0.001708333,0.383333333,0.062708333,0.007625,84,33.70833333,제주 서귀포시 동홍동 453-1(서귀포소방서),33.2514453,126.5669285
339122,11/2/2019,2019110213,0.002375,0.304166667,0.056041667,0.006291667,90.41666667,36.83333333,제주 서귀포시 성산읍 일주동로 4120번길 7,33.460229,126.9100702
339131,11/2/2019,2019110213,0.002,0.4375,0.055875,0.011833333,90.54166667,34.70833333,제주 서귀포시 대정읍 동일하모로149번길 21-8,33.2277711,126.247432
339211,11/2/2019,2019110213,,,,,,,제주특별자치도 제주시 1100로 3348,33.4849511,126.4804897
339312,11/2/2019,2019110213,0.000808333,0.28,0.060875,0.005395833,119.7916667,41.875,제주 제주시 한경면 고산리,33.3040691,126.1881455
422114,11/2/2019,2019110213,0.003916667,0.566666667,0.019875,0.037541667,74.75,38.04166667,대구 중구 수창동 73 (수창초등학교)(달성로 22길 30),35.8742956,128.5841371
422115,11/2/2019,2019110213,0.00325,0.820833333,0.029869565,0.022458333,63.33333333,27.45833333,대구 수성구 지산동 761-11(한국환경공단) (무학로 209),35.8304698,128.6315546
422121,11/2/2019,2019110213,0.003166667,0.625,0.017625,0.026208333,73.79166667,39.08333333,대구 동구 서호동 25-1(안심로49길 70),35.869342,128.7112284
422132,11/2/2019,2019110213,0.003083333,0.595833333,0.017,0.036291667,82.75,42.125,대구 서구 이현동 48-60 (중리초등학교)(국채보상로 135),35.8695184,128.5454778
422133,11/2/2019,2019110213,0.00325,0.708333333,0.013583333,0.034125,87.66666667,42.625,대구 서구 평리3동,35.8721594,128.5588364
422141,11/2/2019,2019110213,0.003041667,0.504166667,0.021291667,0.034083333,77.875,38.66666667,대구 남구 성당로30길55 성명초등학교별관3층옥상,35.8454939,128.5710038
422153,11/2/2019,2019110213,0.002708333,0.3625,0.018708333,0.035333333,77.5,39.875,대구 북구 노원동 3가 262번지(삼영초등학교)(3공단로 14길 31),35.8942803,128.5628477
422154,11/2/2019,2019110213,0.003875,0.958333333,0.020583333,0.029666667,73,36.45833333,대구 동구 신암동 72-1 (신암5동사무소)(아양로 37길 92),35.8897398,128.6330245
422155,11/2/2019,2019110213,0.002458333,0.691666667,0.018625,0.0295,74.20833333,29.83333333,대구 북구 태전동 1076-5 (태암초등학교)(칠곡중앙대로 52길 56),35.9230319,128.5506518
422161,11/2/2019,2019110213,0.003625,0.683333333,0.01975,0.028291667,72.20833333,38,대구 수성구 만촌2동 934 (동원초등학교)(국채보상로 1000),35.8652429,128.6400523
422171,11/2/2019,2019110213,0.002166667,0.495833333,0.021666667,0.017708333,65.41666667,34.41666667,대구 달서구 성서공단로 11길 32 대구기계부품연구원 1동 옥상,35.8375499,128.4887422
422201,11/2/2019,2019110213,0.002916667,0.6,0.02125,0.014625,68.33333333,32.6,대구광역시 달성군 유가읍 테크노북로6길 20,35.6840454,128.4512478
422202,11/2/2019,2019110213,0.002208333,0.6875,0.017041667,0.0325,72.875,42.45833333,대구 달서구 이곡동,35.8574826,128.5092171
422203,11/2/2019,2019110213,0.001666667,0.533333333,0.013625,0.030958333,69.25,36.79166667,대구 수성구 노변공원로 52,35.8376255,128.6975583
422204,11/2/2019,2019110213,0.003125,0.725,0.017833333,0.0295,68.625,39.625,대구 달서구 월배로 131,35.8167252,128.5287317
422205,11/2/2019,2019110213,0.002208333,0.425,0.019791667,0.025958333,80.16666667,31.25,대구 달성군 다사읍 매곡로12길 37,35.8649215,128.4571628
437112,11/2/2019,2019110213,0.003541667,0.429166667,0.026708333,0.017208333,71.75,27.83333333,경북 포항시 남구 철강로 331 공단정수장,35.9801817,129.3747949
437113,11/2/2019,2019110213,0.003625,0.420833333,0.033625,0.010458333,52.41666667,18.875,경북 포항시 북구 삼흥로 98 북구보건소,36.070704,129.380477
437114,11/2/2019,2019110213,0.003916667,0.5375,0.025541667,0.020875,63.33333333,22.83333333,경북 포항시 남구 대도동 111-6(상대2동주민센터),36.0139951,129.357062
437115,11/2/2019,2019110213,0.002208333,0.454166667,0.019541667,0.012333333,55.875,26.20833333,경북 포항시 남구 대송면 장동홍계길19 (대송면사무소 내),35.9685219,129.3599537
437116,11/2/2019,2019110213,0.003041667,0.529166667,0.03375,0.011083333,65.70833333,28.58333333,경북 포항시 남구 대송면 철강산단로130번길 29,35.9630419,129.3768479
437117,11/2/2019,2019110213,0.005208333,0.5875,0.025666667,0.022875,66.08333333,29.375,경북 포항시 남구 축항로 55,36.0300531,129.3746347
437118,11/2/2019,2019110213,0.002666667,0.266666667,0.026041667,0.012916667,51.95833333,20.625,경북 포항시 남구 오천읍 냉천로320번길 4-11,35.9659477,129.4059145
437119,11/2/2019,2019110213,0.006,0.6875,0.019708333,0.025791667,81.33333333,44.70833333,경북 포항시 남구 신항로 10,35.9973618,129.4056762
437122,11/2/2019,2019110213,0.003041667,0.416666667,0.016208333,0.024666667,59.5,29.54166667,경북 경주시 성건동 667-3(성건동주민센터),35.85079,129.2073577
437123,11/2/2019,2019110213,0.003333333,0.383333333,0.022583333,0.009791667,,16.91666667,경북 경주시 경감로 587-18,35.8351812,129.2870077
437124,11/2/2019,2019110213,0.004583333,0.483333333,0.020791667,0.015583333,,,경북 경주시 안강읍 비화동길 9-40,35.9907739,129.227034
437125,11/2/2019,2019110213,0.003791667,0.5375,0.016708333,0.018041667,,,경북 경주시 외동읍 입실로3길 31,35.7156492,129.3235341
437131,11/2/2019,2019110213,0.002875,,0.027166667,0.013458333,65.5,35.88888889,경북 김천시 운동장길1,36.1416899,128.0869633
437132,11/2/2019,2019110213,0.001541667,0.291666667,0.028875,0.01725,73.58333333,,경북 김천시 공단2길 30-22,36.1439681,128.1372527
437141,11/2/2019,2019110213,0.002375,0.383333333,0.021458333,,53.16666667,24.75,경북 안동시 퇴계로 115 (명륜동),36.5682946,128.727911
437151,11/2/2019,2019110213,0.002875,0.795833333,0.018791667,0.027375,97.875,,경북 구미시 공단동 256-18 (근로자종합복지회),36.1050525,128.3840384
437152,11/2/2019,2019110213,0.00275,0.591666667,0.027583333,0.027833333,78.83333333,35.58333333,경북 구미시 원평동 56-4(구미중앙로 24),36.1307423,128.3257904
437153,11/2/2019,2019110213,0.002333333,0.395833333,0.019833333,0.025333333,72.66666667,27.875,경북 구미시 형곡동 142(구미시립도서관),36.1136442,128.3363326
437154,11/2/2019,2019110213,0.002291667,0.875,0.025083333,0.014458333,88.625,34.58333333,경북 구미시 산동면 봉산리 567(첨단기업1로 17),36.1512089,128.4498748
437161,11/2/2019,2019110213,0.002166667,0.666666667,0.022333333,0.019083333,,,경북 영주시 가흥로 263,36.8208397,128.6128994
437171,11/2/2019,2019110213,0.003375,0.504166667,0.017916667,0.013625,67.75,33.66666667,경북 경산시 중방동 708-5 남매로 158,35.8251741,128.7432169
437181,11/2/2019,2019110213,0.00325,0.454166667,0.020958333,0.018375,70.66666667,,경북 상주시 북천로 63,36.4289174,128.1577569
437191,11/2/2019,2019110213,0.002666667,0.383333333,0.022625,0.024541667,74.375,38.91666667,경북 칠곡군 왜관읍 관문로1길 30,35.9907022,128.4184928
437371,11/2/2019,2019110213,,,,,,,경북 영덕군 지품면 신안리,36.4481855,129.2751254
437401,11/2/2019,2019110213,0.000554167,0.345833333,0.01875,0.005045833,,,경북 영천시 화북면,36.1082925,128.919395
437402,11/2/2019,2019110213,0.003375,0.641666667,0.019375,0.019583333,66.875,28.29166667,경북 영천시 시청로 23,35.9729409,128.9377901
437411,11/2/2019,2019110213,0.001241667,0.370833333,0.019333333,0.006770833,51,25.125,경북 의성군 안계면 위양2길 9-26,36.3683804,128.4546075
437421,11/2/2019,2019110213,0.0025,0.429166667,0.030458333,0.00975,41.66666667,20,경북 울진군 울진읍 읍내10길 19,36.99733,129.4028669
437431,11/2/2019,2019110213,0.004541667,0.370833333,0.034590909,0.006083333,44.04166667,21.58333333,경북 봉화군 석포면 석포로1길 55,37.0486149,129.0653205
437541,11/2/2019,2019110213,,,,,,,경북 울릉군 서면 태하리,37.5081798,130.8217127
437542,11/2/2019,2019110213,0.001375,0.208333333,0.040833333,,22.5,5.608695652,경북 울릉군 울릉읍 도동2길 65,37.4882697,130.9041062
437551,11/2/2019,2019110213,0.002208333,0.483333333,0.027541667,0.009458333,62,30.83333333,경북 고령군 대가야읍 성산로 46,35.7310152,128.2979325
525111,11/2/2019,2019110213,0.003913043,0.770833333,0.0095,0.043375,77.16666667,42.20833333,대전 대덕구 대전로 1331번길 75(태아산업(주)),36.372271,127.4180156
525112,11/2/2019,2019110213,0.002958333,0.6,0.010458333,0.027625,85.08333333,41.375,대전 대덕구 문평동로 18번길 34(문평동 119안전센터),36.446907,127.404716
525121,11/2/2019,2019110213,0.002,0.6,0.01525,0.0335,75.04166667,35.54166667,대전 중구 보문로 20번길 38(문창동 주민센터),36.316167,127.4379319
525141,11/2/2019,2019110213,0.002,0.495833333,0.01825,0.021458333,60.5,29.66666667,대전 유성구 대학로 407 보건환경연구원,36.3725838,127.3738559
525142,11/2/2019,2019110213,0.002041667,0.483333333,0.009958333,0.033166667,75.75,28.54166667,대전 유성구 노은동로 87번길 89(노은1동 주민센터),36.3682419,127.3184975
525143,11/2/2019,2019110213,0.002125,0.545833333,0.014625,0.02775,77.95833333,40.20833333,대전 유성구 도안대로 398,36.3400392,127.3389136
525151,11/2/2019,2019110213,0.00275,0.508333333,0.003958333,0.023875,80.04166667,37.54166667,대전 중구 중앙로 58,36.3237437,127.4186358
525161,11/2/2019,2019110213,0.002416667,0.5875,0.017416667,0.037833333,74.375,37.95833333,대전 동구 계족로 368번길 70(성남동 주민센터),36.3445247,127.4374867
525162,11/2/2019,2019110213,0.002041667,0.520833333,0.010833333,0.037625,67.29166667,35.20833333,대전 동구 동구청로 36,36.3018511,127.4602871
525171,11/2/2019,2019110213,0.001958333,0.525,0.018833333,0.022083333,77.41666667,32.20833333,대전 서구 정림동로 10(정림동 주민센터),36.3044691,127.3667332
525172,11/2/2019,2019110213,0.002333333,0.6375,0.010291667,0.035541667,109.0833333,40.95833333,대전 서구 둔산서로 84(근로자 종합복지회관),36.3542639,127.3834662
525173,11/2/2019,2019110213,0.001666667,0.670833333,0.012708333,0.0295,77.20833333,41.08333333,대전 서구 월평동160-5,36.350293,127.3539444
533112,11/2/2019,2019110213,0.004875,0.629166667,0.013541667,0.042666667,93.70833333,51.83333333,충북 청주시 흥덕구 직지대로 393(송정동),36.6446968,127.4368084
533113,11/2/2019,2019110213,0.002416667,0.716666667,0.014333333,0.04,95.58333333,53.83333333,"충북 청주시 청원구 사천동 233-223번지(사뜸로 61번길 88-14), 청주청원도서관 옥상(2층)",36.666181,127.4749188
533114,11/2/2019,2019110213,,,,,,,충북 청주시 상당구 교동로139번길 20,36.6359998,127.5040299
533115,11/2/2019,2019110213,0.00225,0.725,0.013583333,0.032708333,,41.60869565,"충북 청주시 상당구 용암동 1590(중흥로 29), 용암1동 주민센터 3층 옥상",36.6088273,127.5012512
533116,11/2/2019,2019110213,0.005791667,0.683333333,0.011291667,0.04525,90.875,52.625,충북 청주시 흥덕구 복대동,36.6320679,127.4463153
534111,11/2/2019,2019110213,0.004166667,0.741666667,0.022541667,0.035583333,93,43.95833333,충남 천안시 동남구 복자1길 24 문성어린이집,36.8141708,127.152144
534112,11/2/2019,2019110213,0.003666667,0.720833333,0.022958333,0.031958333,77.5,32.45833333,충남 천안시 백석동 555-57번지(백성농공단지),36.8248989,127.1106763
534114,11/2/2019,2019110213,0.003416667,0.541666667,0.021875,0.034291667,96.5,55.58333333,충남 천안시 서북구 성성동,36.8443431,127.1215375
534115,11/2/2019,2019110213,0.003916667,0.770833333,0.032416667,0.024958333,92.79166667,45.95833333,충남 천안시 서북구 성거읍 천흥8길 7,36.8834354,127.2073758
534341,11/2/2019,2019110213,0.0018625,0.4125,0.035333333,0.007866667,64.25,35.25,충남 공주시 사곡면 마곡사로,36.5236887,127.0246583
534342,11/2/2019,2019110213,0.00275,0.475,0.021416667,0.014708333,64.95833333,37.70833333,충남 공주시 봉황로 1,36.4466114,127.1191505
534411,11/2/2019,2019110213,0.00325,0.595833333,0.020375,0.019416667,78.29166667,38.08333333,충남 부여군 부여읍 사비로 36,36.2754946,126.9112972
534421,11/2/2019,2019110213,0.006041667,0.491666667,0.039916667,0.014791667,56.20833333,27.33333333,충남 서산시 대산읍 평신1로(독곶리) 한국수자원공사 대산산업용수센터,36.9887179,126.377098
534422,11/2/2019,2019110213,0.003583333,0.958333333,0.028958333,0.027083333,79.58333333,43.91666667,충남 서산시 동문동 918-3(서산초등학교),36.7807445,126.4549962
534423,11/2/2019,2019110213,0.002708333,0.629166667,0.023125,0.0185,53.08333333,27.95833333,충남 서산시 대산읍 충의로 1942,36.9379663,126.4339403
534433,11/2/2019,2019110213,0.004208333,0.55,0.029375,0.01225,81.58333333,44.58333333,충남 당진시 송산면 유곡로 342-27,36.932471,126.6789166
534434,11/2/2019,2019110213,0.004208333,0.604166667,0.020166667,0.023458333,82.54166667,47.16666667,충남 당진시 시청1로 1,36.8909786,126.6391943
534441,11/2/2019,2019110213,0.002958333,0.6375,0.022625,0.0275,95.95833333,46.875,충남 아산시 모종동 573-2,36.7826194,127.0145206
534442,11/2/2019,2019110213,0.003291667,0.504166667,0.021875,0.023958333,85.83333333,44.75,충남 아산시 배방읍 배방로 38,36.7738004,127.0538513
534443,11/2/2019,2019110213,0.00275,0.466666667,0.022375,0.015166667,86.54166667,48.29166667,충남 아산시 도고면 기곡리 296-4,36.7624876,126.8887292
534444,11/2/2019,2019110213,0.002958333,0.554166667,0.021958333,0.025416667,110.125,60.5,충남 아산시 둔포면 석곡리 1481,36.9142745,127.0595972
534445,11/2/2019,2019110213,0.00325,0.545833333,0.016083333,0.0075,95.91666667,55.41666667,충남 아산시 인주면 인주산단로 23-28,36.8772219,126.8705086
534451,11/2/2019,2019110213,0.002625,0.658333333,0.021791667,0.025833333,88.45833333,36.54166667,충남 논산시 시민로,36.1830059,127.096643
534461,11/2/2019,2019110213,0.002566667,0.370833333,0.041541667,0.0073625,59.33333333,26.70833333,충남 태안군 소원면 파도길,36.7364589,126.1352326
534462,11/2/2019,2019110213,0.003416667,0.425,0.03025,0.008333333,49.75,22.375,충남 태안군 이원면 분지길,36.8699585,126.2820409
534463,11/2/2019,2019110213,0.00375,0.55,0.021875,0.020583333,75.58333333,29.54166667,충남 태안군 태안읍 군청6길,36.7467085,126.3015115
534471,11/2/2019,2019110213,0.003625,0.516666667,0.026125,0.015833333,71.75,36,충남 예산군 예산읍 주교로,36.6856778,126.8320402
534481,11/2/2019,2019110213,0.0045,0.541666667,0.03675,0.014958333,69.875,35.20833333,충남 보령시 중앙로 142-16,36.3532507,126.5897679
534482,11/2/2019,2019110213,0.002625,0.6,0.028916667,0.018041667,91.33333333,46.45833333,충남 보령시 주교면 울계큰길 396,36.3908447,126.5694441
534491,11/2/2019,2019110213,0.00425,0.6375,0.021875,0.022208333,82.25,49.54166667,충남 홍성군 홍성읍 내포로 136번길,36.5964754,126.655422
534492,11/2/2019,2019110213,0.003458333,0.533333333,0.02925,0.01425,83.66666667,41.58333333,충남 홍성군 홍북읍 홍예공원로 8,36.6572026,126.6670698
534501,11/2/2019,2019110213,0.002875,0.545833333,0.021791667,0.015708333,77.41666667,45.04166667,충남 금산군 금산읍 비호로 69,36.1071785,127.490685
534502,11/2/2019,2019110213,0.003583333,0.575,0.024291667,0.011333333,60.29166667,34.95833333,충남 청양군 청양읍 칠갑산로7길 54,36.4551521,126.8049308
534510,11/2/2019,2019110213,0.002666667,0.55,0.022625,0.021791667,71.16666667,30.16666667,충남 계룡시 엄사면 번영7길 17,36.2869867,127.2379189
541111,11/2/2019,2019110213,0.002541667,0.929166667,0.016958333,0.0295,84.5,46.375,세종 조치원읍 군청로 87-16(신흥동),36.5929062,127.2922529
541112,11/2/2019,2019110213,0.004,0.716666667,0.015625,0.031666667,78.08333333,38.79166667,세종특별자치시 보듬3로 114,37.69217441,127.2088382
541113,11/2/2019,2019110213,0.003458333,0.641666667,0.014333333,0.030208333,66.91666667,33.79166667,세종 누리로 27,36.48076695,127.2617242
541114,11/2/2019,2019110213,0.003291667,0.65,0.01325,0.030083333,74.91666667,40.16666667,세종특별자치시 부강면 부강외천로 20,36.5269236,127.3704109
632121,11/2/2019,2019110213,0.002875,0.7,0.021791667,0.026708333,86.16666667,47.625,강원 원주시 충정길 12(학성동 206-6),37.3527899,127.9474553
632122,11/2/2019,2019110213,0.002541667,0.983333333,0.022458333,0.020458333,88.95833333,52.58333333,강원도 원주시 배울로 215,37.3422186,127.9201621
632124,11/2/2019,2019110213,0.002666667,0.608333333,0.019458333,0.020583333,69.08333333,34.95833333,강원 원주시 문막읍 건등로 11,37.3127648,127.817256
632132,11/2/2019,2019110213,,,,,,,강원 강릉시 경강로 2179(옥천동 327-2),37.7600314,128.902973
632151,11/2/2019,2019110213,0.002541667,0.6375,0.015,0.034208333,58.25,27.875,강원 동해시 천곡로 77(천곡동 806),37.5250249,129.114494
632161,11/2/2019,2019110213,0.002833333,0.404166667,0.025958333,0.015708333,50.5,22.875,강원 삼척시 남양길 11(남양동 331-9),37.4426048,129.1684189
632171,11/2/2019,2019110213,0.002208333,0.670833333,0.026166667,0.012291667,78.58333333,40,강원 평창군 평창읍 종부로 61(종부리 504),37.3607053,128.3890248
632371,11/2/2019,2019110213,0.0012375,0.5125,0.035958333,0.005995833,56.25,31.875,강원 정선군 북평면 남평리,37.4342876,128.6711012
632372,11/2/2019,2019110213,0.002541667,0.558333333,0.033625,0.011041667,66.41666667,32.08333333,강원 정선군 정선읍 정선로 1331,37.3799339,128.6616494
632421,11/2/2019,2019110213,0.001141667,0.5125,0.052125,0.002791667,80.08333333,37,강원 고성군 간성읍,38.3783643,128.4672371
632431,11/2/2019,2019110213,0.0020625,0.433333333,0.029,0.006379167,65.41666667,,강원 횡성군 강림면 강림리(치악산),37.3691147,128.1132668
632432,11/2/2019,2019110213,0.00225,0.566666667,0.019916667,0.01725,88.29166667,47.79166667,강원 횡성군 횡성읍 중앙로 30,37.4897759,127.983051
632441,11/2/2019,2019110213,0.002,0.491666667,0.028333333,0.008458333,62.33333333,26.875,강원 고성군 간성읍 수성로 160,38.3776837,128.4667505
632451,11/2/2019,2019110213,0.003375,0.516666667,0.045458333,0.007791667,62.58333333,26.79166667,강원 양양군 양양읍 남문로 39,38.075263,128.6182751
632461,11/2/2019,2019110213,0.004166667,0.595833333,0.031875,0.018333333,64.45833333,23.58333333,강원 속초시 중앙시장로 43,38.2069045,128.5881979
632472,11/2/2019,2019110213,0.004041667,0.425,0.032833333,0.012208333,72.41666667,41.45833333,강원 철원군 갈말읍 삼부연로 51,38.1465863,127.3125449
632481,11/2/2019,2019110213,0.00225,0.641666667,0.017208333,0.0205,78.20833333,44.52173913,강원 홍천군 홍천읍 연봉동로 27,37.6837491,127.8802494
632491,11/2/2019,2019110213,0.003,0.504166667,0.029833333,0.009375,71.45833333,43.125,강원 영월군 영월읍 팔괴로 7-3,37.1725618,128.4552946
632501,11/2/2019,2019110213,0.002,0.716666667,0.022666667,0.008666667,58.5,29.83333333,강원 화천군 화천읍 화천새싹길 45,38.1062847,127.7081308
632511,11/2/2019,2019110213,0.002875,0.458333333,0.035333333,0.01175,69.70833333,35.91666667,강원 태백시 태붐로 21,37.1626608,128.9868699
632521,11/2/2019,2019110213,0.003166667,0.641666667,0.027583333,0.008458333,60.25,29.04166667,강원 인제군 인제읍 비봉로44번길 93,38.0601314,128.1667164
633122,11/2/2019,2019110213,0.002625,0.591666667,0.024666667,0.019708333,86.25,42.33333333,충북 충주시 호암동 562(충주시 청소년수련원 옥상)(중원대로 3324),36.9647086,127.9269225
633123,11/2/2019,2019110213,0.003833333,0.741666667,0.016458333,0.035791667,98.83333333,51.625,충북 충주시 칠금동 874번지(칠금동 주민센터 옥상)(칠금 중랑로 37),36.9820953,127.9190894
633131,11/2/2019,2019110213,0.002,0.5875,0.027708333,0.0235,91.125,49.33333333,"충북 제천시 장락동 672-8(내제로 318),(시립도서관 주차장 옆, 화단)",37.1451303,128.2203198
633211,11/2/2019,2019110213,0.003625,0.495833333,0.021916667,0.029291667,74.33333333,48.375,충북 청주시 청원구 오창읍 각리 637-4 각리중학교 4층(오창중앙로 48),36.7090569,127.4219922
633213,11/2/2019,2019110213,0.002208333,0.266666667,0.013166667,0.036583333,85.54166667,48.45833333,충북 청주시 서원구 원흥로 81,36.6132311,127.4687586
633214,11/2/2019,2019110213,0.002375,0.6375,0.01875,0.0275,89.20833333,49.125,충북 청주시 흥덕구 오송읍 오송생명로 150,36.630961,127.3299464
633311,11/2/2019,2019110213,0.002666667,0.575,0.017333333,0.014375,79.04166667,49.25,"충북 단양군 매포읍 평동리 1274(평동33길 3),(매포 보건지소 마당)",37.0331794,128.2958017
633361,11/2/2019,2019110213,0.002091667,0.466666667,0.02375,0.0074625,84.91666667,49.08333333,충북 괴산군 청천면 송문로 덕평길,36.7316002,127.8033635
633362,11/2/2019,2019110213,0.003166667,0.633333333,0.0185,0.013375,85.75,56.7826087,충북 괴산군 괴산읍 서부리 377-1,36.8075414,127.789326
633411,11/2/2019,2019110213,0.002416667,0.554166667,0.027416667,0.024541667,83.54166667,47.625,충북 진천군 진천읍 상산로 65 읍내리 370-1,36.855086,127.4412279
633461,11/2/2019,2019110213,0.001395652,0.6,0.024608696,0.018582609,92.26086957,41.23076923,충북 음성군 금왕읍 무극로,36.9899476,127.5862358
633462,11/2/2019,2019110213,0.003375,0.633333333,0.025125,0.016416667,91.375,60.16666667,충북 음성군 음성읍 중앙로 49,36.9285496,127.6887223
633471,11/2/2019,2019110213,0.001791667,0.470833333,0.022416667,0.012041667,71.25,38.875,충북 영동군 영동읍 계산로2길 25,36.173929,127.7850964
633481,11/2/2019,2019110213,0.003125,0.5,0.014833333,0.02425,91.69565217,60.56521739,충북 증평군 증평읍 송산리 123-2,36.7921847,127.5870318
633491,11/2/2019,2019110213,0.002791667,0.575,0.022583333,0.014416667,75.125,42.66666667,충북 보은군 보은읍 삼산로 50,36.4834266,127.7169735
634111,11/2/2019,2019110213,0.002166667,0.5,0.014958333,0.025416667,82.83333333,51.66666667,충북 옥천군 옥천읍 중앙로 99(옥천군청 통합관제 센터 옥상),36.306364,127.5712805
735111,11/2/2019,2019110213,0.002416667,0.454166667,0.03175,0.019166667,84.375,44.79166667,전북 전주시 완산구 용리로 107 삼천도서관 옥상,35.7989458,127.1216981
735114,11/2/2019,2019110213,,0.629166667,0.027458333,0.034291667,97.66666667,45.125,전북 전주시 덕진구 서귀로 107 청소년자유센터 옥상,35.8514667,127.0870334
735115,11/2/2019,2019110213,0.00525,0.570833333,0.025083333,0.03375,84.41666667,48.16666667,전북 전주시 덕진구 동부대로 1183,35.8673984,127.1175166
735116,11/2/2019,2019110213,0.002666667,0.725,,0.03375,89.83333333,,전북 전주시 완산구 백제대로 450,35.8333593,127.1233525
735121,11/2/2019,2019110213,0.002666667,0.7625,0.023833333,0.017041667,82.33333333,36.75,전북 군산시 대학로 215. 신풍동주민센터 옥상,35.9728344,126.7008171
735122,11/2/2019,2019110213,0.006583333,0.620833333,0.039041667,0.02,95.33333333,39.79166667,전북 군산시 외항1길 222. (롯데주류) 3층옥상,35.9762988,126.6512165
735123,11/2/2019,2019110213,0.002458333,0.625,0.02725,0.018583333,87.70833333,35.08333333,전북 군산시 개정동 507-24 개정동주민센터 2층옥상,35.9642919,126.7545918
735133,11/2/2019,2019110213,0.002166667,0.558333333,0.027,0.023045455,92.125,53.75,전북 익산시 무왕로 1338. 익산소방서,35.9622298,127.0051494
735134,11/2/2019,2019110213,0.002625,0.470833333,0.01775,0.016833333,93.25,51.29166667,전북 익산시 배산로 189-10,35.9546763,126.9411601
735141,11/2/2019,2019110213,0.002291667,0.566666667,0.027708333,0.02525,59.79166667,29.5,전북 정읍시 조곡천1길 7. 여성문화관 옥상,35.5684285,126.8459361
735142,11/2/2019,2019110213,0.002791667,0.354166667,0.025541667,0.014333333,83.45833333,44.625,전북 정읍시 신태인읍 신태인중앙로 14,35.6880121,126.8867747
735151,11/2/2019,2019110213,0.002291667,0.525,0.027791667,0.016333333,65.04166667,35.375,전북 남원시 죽항동 비석길 72 죽항동주민센터 옥상,35.4075527,127.3845722
735161,11/2/2019,2019110213,0.003,0.55,0.042041667,0.017166667,57.79166667,25.04166667,전북 고창군 고창읍 월곡공원 1길 36 여성회관 2층 옥상,35.4380935,126.7127904
735162,11/2/2019,2019110213,0.003125,0.4375,0.038166667,0.009666667,71.08333333,24.79166667,전북 고창군 심원면 심원로 211,35.52422,126.5510486
735171,11/2/2019,2019110213,0.002208333,0.691666667,0.031958333,0.017875,74,42.125,전북 부안군 행안면 변산로 16,35.7297179,126.7193327
735172,11/2/2019,2019110213,0.001741667,0.7125,0.039375,0.008504167,71.08333333,55.29166667,전북 부안군 변산면 새만금로,35.6971014,126.5591772
735181,11/2/2019,2019110213,0.002791667,0.525,0.028166667,0.026125,87.08333333,46.91666667,전북 김제시 요촌중길 50,35.8049098,126.8914158
735191,11/2/2019,2019110213,0.002416667,0.533333333,0.038583333,0.011416667,75.33333333,34.91666667,전북 완주군 고산면 고산로 69-13,35.9764025,127.2055229
735201,11/2/2019,2019110213,0.00452381,0.4625,0.03,0.013041667,67.41666667,35.91666667,전북 진안군 진안읍 진무로 1189,35.7971892,127.4348928
735351,11/2/2019,2019110213,,,,,,29.20833333,전북 임실군 운암면 선거리,35.6012926,127.1766872
735361,11/2/2019,2019110213,0.00225,0.433333333,0.023208333,0.008708333,62.875,36.66666667,전북 임실군 임실읍 봉황로 144,35.6134239,127.2793693
735371,11/2/2019,2019110213,0.002416667,0.504166667,0.025,0.010833333,53.04166667,27.54166667,전북 무주군 무주읍 향학로 49,36.0087164,127.6620774
735381,11/2/2019,2019110213,0.003291667,0.35,0.023916667,0.011791667,59.91666667,32.04166667,전북 순창군 순창읍 경천로 33,35.3744299,127.1374166
735391,11/2/2019,2019110213,0.004833333,0.545833333,0.033791667,0.006916667,88.25,39.625,전북 장수군 장수읍 호비로 10,35.6476851,127.521269
735520,11/2/2019,2019110213,0.003041667,0.6125,0.025541667,0.018458333,90.875,35.79166667,충남 서천군 서천읍 서천로14번길 20,36.076309,126.6983835
735521,11/2/2019,2019110213,0.003041667,0.566666667,0.031375,0.012,76.45833333,35.20833333,충남 서천군 서면 서인로 761,36.1528701,126.5494944
735522,11/2/2019,2019110213,0.002083333,0.608333333,0.029833333,0.009083333,72.25,35.95833333,충남 서천군 장항읍 장산로 297,36.0083319,126.693267
823611,11/2/2019,2019110213,0.012791667,0.829166667,0.016708333,0.053333333,76.54166667,38.45833333,인천 중구 서해대로 471(신흥동 2가),37.4680094,126.6350719
823621,11/2/2019,2019110213,0.009541667,0.5,0.012166667,0.0545,76.66666667,37.45833333,인천 동구 금곡로 67(송림동),37.4735876,126.6431044
823631,11/2/2019,2019110213,0.007708333,0.925,0.01375,0.049416667,75.25,31.25,인천 남동구 구월말로 7(구월동),37.4495932,126.7240559
823632,11/2/2019,2019110213,0.00875,0.8125,0.017083333,0.050333333,65.58333333,36.375,인천 미추홀구 독정안길 26,37.4594038,126.6572363
823633,11/2/2019,2019110213,0.009,0.979166667,0.016583333,0.061863636,73.20833333,35.08333333,인천 미추홀구 주안6동,37.4622647,126.6893613
823634,11/2/2019,2019110213,0.009125,0.904166667,0.009083333,0.028208333,78.54166667,36.16666667,인천 부평구 광장로 지하15(부평동),37.4947891,126.7262739
823641,11/2/2019,2019110213,0.008375,0.845833333,0.01525,0.050541667,65.875,29.75,인천 부평구 부평대로88번길 19(부평동),37.4999235,126.7235335
823651,11/2/2019,2019110213,0.006166667,0.754166667,0.016375,0.046125,61.04166667,30.125,인천 서구 심곡로 98(심곡동),37.5415919,126.6812074
823652,11/2/2019,2019110213,0.006041667,0.741666667,0.010791667,0.045125,82.91666667,42.5,인천 서구 검단로502번길 15(마전동),37.6020407,126.6614441
823662,11/2/2019,2019110213,0.005,0.804166667,0.0135,0.047916667,72.45833333,33.54166667,인천 계양구 계양산로134번길 18(계산동),37.5460166,126.7301724
823671,11/2/2019,2019110213,0.010391304,1.116666667,0.015791667,0.058708333,62.4,25.86956522,인천 남동구 은봉로 82,37.4094259,126.6993338
823681,11/2/2019,2019110213,0.008208333,0.808333333,0.012583333,0.056791667,75.125,35.45833333,인천 서구 거북로 116(석남동),37.5025911,126.6746602
823691,11/2/2019,2019110213,0.005666667,0.683333333,0.023541667,0.017083333,58.91666667,35.54166667,인천 강화군 송해면 전망대로 29(솔정리),37.7723288,126.4628207
823701,11/2/2019,2019110213,0.009521739,0.858333333,0.016583333,0.054166667,63.875,35.29166667,인천 연수구 원인재로 115(동춘동),37.4097894,126.67832
823702,11/2/2019,2019110213,0.005208333,0.666666667,0.016083333,0.040833333,57.75,30.20833333,인천 중구 영종대로 85(운서동),37.4956123,126.4879083
823703,11/2/2019,2019110213,0.009875,0.8,0.012041667,0.056666667,64.83333333,30.25,인천 동구 수문통로 77,37.482121,126.6369826
823704,11/2/2019,2019110213,0.007208333,0.8375,0.01425,0.0535,59.70833333,30.91666667,인천 남동구 청능대로611번길 54(논현동),37.4034916,126.7272258
823705,11/2/2019,2019110213,0.006625,0.75,0.012416667,0.047791667,67.45833333,32.58333333,인천 서구 크리스탈로 131,37.5377453,126.6387903
823706,11/2/2019,2019110213,0.007708333,0.704166667,0.020958333,0.045208333,64.79166667,31.75,인천 연수구 갯벌로 12,37.3820842,126.6546632
823801,11/2/2019,2019110213,0.005208333,0.7875,0.007916667,0.047,72.125,35.83333333,인천 서구 고산후로121번길 7(원당동),37.594403,126.6986697
823802,11/2/2019,2019110213,0.004291667,0.645833333,0.014708333,0.029625,72.70833333,40,인천 강화군 길상면 강화동로 15-1,37.6413354,126.4912441
823803,11/2/2019,2019110213,0.007333333,0.858333333,0.011666667,0.056458333,64.83333333,32.83333333,인천 부평구 충선로 262,37.5126232,126.735738
831151,11/2/2019,2019110213,0.008916667,0.7125,0.017916667,0.0545,93.16666667,50.66666667,경기 부천시 경인옛로 73,37.4800061,126.7999362
831152,11/2/2019,2019110213,0.009208333,0.704166667,0.009833333,0.056583333,112.2916667,60.54166667,경기 부천시 삼작로 109,37.5198721,126.7932853
831153,11/2/2019,2019110213,0.008083333,0.970833333,0.010416667,0.055583333,92.25,46.375,경기 부천시 심중로 121,37.4939274,126.7700946
831154,11/2/2019,2019110213,0.00925,0.433333333,0.009125,0.051666667,94.125,50,경기 부천시 성오로 172,37.5280248,126.7962235
831155,11/2/2019,2019110213,0.008583333,0.804166667,0.007541667,0.056208333,77.91666667,54.16666667,경기 부천시 송내대로 262,37.5065377,126.7591928
831481,11/2/2019,2019110213,0.002358333,0.408333333,0.035083333,0.012133333,68.625,31.16666667,인천 강화군 삼산면 석모리,37.6955531,126.3335311
831491,11/2/2019,2019110213,0.004525,0.4625,0.036833333,0.015008333,60.83333333,29.66666667,인천 옹진군 덕적면 진리,37.2316964,126.1405933
831492,11/2/2019,2019110213,0.001316667,0.25,0.044166667,0.004920833,26.29166667,5.666666667,인천 옹진군 백령면 연화리,37.9488415,124.6339109
