날짜,PM10,PM2.5,오 존,이산화질소,일산화탄소,아황산가스
(월-일-시),(㎍/㎥),(㎍/㎥),(ppm),(ppm),(ppm),(ppm)
01-01-01,27,14,0.020,0.018,0.4,0.003
01-01-02,26,14,0.017,0.021,0.5,0.003
01-01-03,25,16,0.014,0.026,0.5,0.003
01-01-04,22,13,0.021,0.018,0.4,0.003
01-01-05,25,13,0.010,0.029,0.5,0.003
01-01-06,27,16,0.005,0.036,0.6,0.003
01-01-07,31,19,0.002,0.043,0.6,0.003
01-01-08,33,19,0.002,0.042,0.6,0.003
01-01-09,32,20,0.004,0.044,0.7,0.003
01-01-10,35,21,0.005,0.044,0.8,0.004
01-01-11,45,30,0.010,0.038,0.7,0.003
01-01-12,36,22,0.013,0.032,0.5,0.004
01-01-13,28,18,0.018,0.026,0.4,0.004
01-01-14,29,18,0.020,0.025,0.4,0.003
01-01-15,31,19,0.024,0.020,0.4,0.003
01-01-16,29,18,0.027,0.018,0.4,0.003
01-01-17,26,15,0.029,0.015,0.4,0.003
01-01-18,27,17,0.024,0.020,0.4,0.003
01-01-19,28,20,0.018,0.028,0.5,0.003
01-01-20,29,19,0.017,0.029,0.5,0.003
01-01-21,29,20,0.019,0.026,0.5,0.003
01-01-22,27,15,0.017,0.028,0.5,0.003
01-01-23,31,16,0.020,0.022,0.5,0.003
01-01-24,34,20,0.023,0.017,0.5,0.004
01-02-01,34,17,0.030,0.011,0.4,0.003
01-02-02,24,10,0.028,0.012,0.4,0.003
01-02-03,27,13,0.026,0.014,0.4,0.003
01-02-04,26,14,0.023,0.016,0.4,0.003
01-02-05,25,12,0.027,0.012,0.4,0.003
01-02-06,22,7,0.024,0.015,0.3,0.003
01-02-07,22,8,0.027,0.013,0.3,0.003
01-02-08,19,7,0.024,0.016,0.4,0.003
01-02-09,20,7,0.017,0.023,0.4,0.003
01-02-10,18,7,0.025,0.015,0.4,0.004
01-02-11,20,9,0.025,0.014,0.4,0.003
01-02-12,20,9,0.023,0.017,0.4,0.003
01-02-13,20,8,0.030,0.011,0.4,0.003
01-02-14,31,13,0.031,0.009,0.4,0.003
01-02-15,43,15,0.033,0.008,0.4,0.003
01-02-16,45,14,0.034,0.008,0.4,0.003
01-02-17,47,14,0.030,0.011,0.4,0.003
01-02-18,53,13,0.027,0.014,0.4,0.003
01-02-19,52,17,0.024,0.018,0.4,0.002
01-02-20,49,17,0.022,0.021,0.4,0.003
01-02-21,58,16,0.023,0.017,0.4,0.003
01-02-22,62,13,0.023,0.017,0.4,0.002
01-02-23,66,17,0.025,0.014,0.4,0.002
01-02-24,66,15,0.026,0.012,0.4,0.003
01-03-01,68,12,0.027,0.011,0.4,0.002
01-03-02,55,12,0.027,0.011,0.4,0.002
01-03-03,50,13,0.027,0.011,0.4,0.002
01-03-04,46,12,0.026,0.011,0.4,0.003
01-03-05,49,11,0.022,0.014,0.4,0.003
01-03-06,49,13,0.017,0.021,0.4,0.003
01-03-07,50,14,0.016,0.023,0.4,0.003
01-03-08,49,13,0.018,0.021,0.4,0.003
01-03-09,46,14,0.017,0.023,0.4,0.003
01-03-10,41,13,0.025,0.016,0.4,0.003
01-03-11,37,13,0.030,0.010,0.4,0.003
01-03-12,26,9,0.030,0.011,0.4,0.003
01-03-13,25,9,0.027,0.013,0.4,0.003
01-03-14,29,12,0.031,0.009,0.3,0.003
01-03-15,31,13,0.032,0.009,0.4,0.003
01-03-16,30,14,0.029,0.013,0.4,0.003
01-03-17,36,15,0.027,0.016,0.4,0.002
01-03-18,37,19,0.022,0.020,0.4,0.003
01-03-19,40,18,0.017,0.027,0.5,0.003
01-03-20,37,17,0.016,0.027,0.5,0.003
01-03-21,36,19,0.015,0.028,0.5,0.003
01-03-22,36,19,0.007,0.042,0.6,0.003
01-03-23,40,22,0.007,0.039,0.6,0.003
01-03-24,37,18,0.014,0.029,0.5,0.003
01-04-01,37,18,0.010,0.036,0.5,0.003
01-04-02,34,19,0.007,0.037,0.5,0.003
01-04-03,35,19,0.004,0.040,0.6,0.003
01-04-04,34,18,0.005,0.039,0.5,0.003
01-04-05,39,20,0.012,0.030,0.5,0.003
01-04-06,40,21,0.012,0.032,0.5,0.004
01-04-07,42,22,0.003,0.045,0.6,0.003
01-04-08,39,22,0.002,0.047,0.7,0.004
01-04-09,42,22,0.003,0.048,0.9,0.004
01-04-10,42,22,0.006,0.047,0.9,0.004
01-04-11,49,25,0.007,0.046,0.8,0.004
01-04-12,49,27,0.011,0.042,0.8,0.004
01-04-13,50,24,0.014,0.036,0.7,0.004
01-04-14,50,28,0.015,0.035,0.7,0.004
01-04-15,48,26,0.015,0.035,0.6,0.004
01-04-16,42,22,0.012,0.038,0.6,0.003
01-04-17,40,22,0.013,0.038,0.6,0.003
01-04-18,42,22,0.007,0.047,0.7,0.003
01-04-19,47,24,0.002,0.056,0.7,0.004
01-04-20,50,27,0.002,0.054,0.6,0.003
01-04-21,52,29,0.003,0.051,0.6,0.003
01-04-22,49,28,0.002,0.052,0.6,0.003
01-04-23,51,29,0.003,0.049,0.5,0.003
01-04-24,49,28,0.007,0.039,0.5,0.003
01-05-01,45,28,0.015,0.026,0.4,0.003
01-05-02,40,26,0.008,0.032,0.5,0.003
01-05-03,41,29,0.007,0.035,0.5,0.003
01-05-04,43,31,0.020,0.021,0.5,0.003
01-05-05,46,35,0.021,0.017,0.4,0.003
01-05-06,38,26,0.023,0.015,0.4,0.003
01-05-07,33,20,0.026,0.013,0.4,0.003
01-05-08,29,16,0.023,0.018,0.4,0.002
01-05-09,34,18,0.018,0.022,0.5,0.003
01-05-10,35,18,0.022,0.018,0.5,0.003
01-05-11,34,17,0.029,0.013,0.4,0.004
01-05-12,27,12,0.033,0.009,0.4,0.003
01-05-13,22,10,0.033,0.010,0.4,0.003
01-05-14,21,8,0.034,0.010,0.3,0.003
01-05-15,22,8,0.032,0.012,0.3,0.002
01-05-16,22,9,0.033,0.012,0.3,0.003
01-05-17,19,7,0.033,0.012,0.3,0.002
01-05-18,16,6,0.030,0.015,0.3,0.003
01-05-19,17,7,0.026,0.017,0.4,0.002
01-05-20,19,7,0.022,0.022,0.4,0.003
01-05-21,17,9,0.027,0.015,0.4,0.003
01-05-22,18,9,0.028,0.013,0.3,0.002
01-05-23,21,10,0.024,0.017,0.4,0.003
01-05-24,21,12,0.022,0.018,0.4,0.002
01-06-01,23,13,0.022,0.017,0.4,0.003
01-06-02,21,12,0.025,0.014,0.4,0.003
01-06-03,21,10,0.023,0.016,0.4,0.003
01-06-04,23,13,0.021,0.017,0.4,0.003
01-06-05,24,15,0.020,0.018,0.4,0.003
01-06-06,21,12,0.020,0.018,0.4,0.002
01-06-07,19,9,0.013,0.028,0.5,0.002
01-06-08,21,12,0.002,0.045,0.7,0.003
01-06-09,26,14,0.003,0.049,0.9,0.002
01-06-10,28,15,0.010,0.038,0.7,0.003
01-06-11,31,23,0.021,0.022,0.5,0.003
01-06-12,23,14,0.026,0.017,0.4,0.003
01-06-13,19,11,0.028,0.016,0.4,0.003
01-06-14,23,13,0.030,0.014,0.4,0.002
01-06-15,28,15,0.029,0.015,0.3,0.002
01-06-16,28,12,0.023,0.023,0.4,0.003
01-06-17,31,13,0.014,0.034,0.4,0.003
01-06-18,35,16,0.011,0.041,0.5,0.002
01-06-19,37,16,0.014,0.033,0.5,0.003
01-06-20,58,20,0.014,0.031,0.5,0.002
01-06-21,40,17,0.006,0.041,0.5,0.002
01-06-22,32,18,0.010,0.035,0.6,0.002
01-06-23,34,16,0.024,0.015,0.5,0.002
01-06-24,48,16,0.028,0.011,0.5,0.002
01-07-01,59,20,0.027,0.010,0.5,0.002
01-07-02,51,17,0.026,0.008,0.4,0.003
01-07-03,67,12,0.025,0.008,0.4,0.003
01-07-04,57,10,0.025,0.006,0.3,0.002
01-07-05,51,10,0.023,0.007,0.3,0.003
01-07-06,41,9,0.022,0.008,0.4,0.003
01-07-07,39,8,0.020,0.010,0.4,0.003
01-07-08,39,9,0.018,0.013,0.4,0.002
01-07-09,39,13,0.017,0.014,0.4,0.003
01-07-10,40,11,0.020,0.011,0.4,0.003
01-07-11,41,14,0.023,0.008,0.4,0.003
01-07-12,35,12,0.025,0.007,0.4,0.003
01-07-13,32,11,0.027,0.007,0.4,0.003
01-07-14,31,12,0.028,0.008,0.4,0.003
01-07-15,31,13,0.031,0.007,0.3,0.002
01-07-16,25,9,0.029,0.009,0.3,0.003
01-07-17,24,12,0.026,0.011,0.4,0.003
01-07-18,21,11,0.025,0.012,0.4,0.002
01-07-19,19,9,0.021,0.016,0.4,0.002
01-07-20,31,21,0.019,0.018,0.5,0.003
01-07-21,29,20,0.021,0.014,0.4,0.003
01-07-22,23,15,0.021,0.013,0.4,0.003
01-07-23,25,16,0.022,0.012,0.4,0.003
01-07-24,20,11,0.026,0.007,0.3,0.003
01-08-01,19,10,0.027,0.006,0.3,0.003
01-08-02,20,11,0.024,0.009,0.4,0.003
01-08-03,24,13,0.023,0.008,0.4,0.004
01-08-04,26,12,0.022,0.008,0.4,0.004
01-08-05,29,14,0.022,0.009,0.4,0.004
01-08-06,28,12,0.023,0.009,0.4,0.004
01-08-07,27,11,0.023,0.010,0.4,0.004
01-08-08,30,10,0.019,0.016,0.4,0.004
01-08-09,26,12,0.018,0.016,0.5,0.004
01-08-10,31,10,0.019,0.017,0.5,0.004
01-08-11,25,15,0.026,0.011,0.4,0.003
01-08-12,18,9,0.027,0.010,0.4,0.004
01-08-13,20,12,0.029,0.007,0.3,0.004
01-08-14,20,13,0.031,0.007,0.4,0.003
01-08-15,21,12,0.031,0.007,0.3,0.003
01-08-16,20,10,0.032,0.008,0.4,0.003
01-08-17,16,8,0.031,0.010,0.4,0.003
01-08-18,19,9,0.027,0.013,0.4,0.002
01-08-19,20,8,0.023,0.017,0.4,0.002
01-08-20,18,12,0.023,0.017,0.4,0.003
01-08-21,22,13,0.025,0.014,0.4,0.003
01-08-22,22,14,0.024,0.013,0.4,0.002
01-08-23,22,15,0.025,0.011,0.4,0.003
01-08-24,22,14,0.026,0.010,0.4,0.003
01-09-01,20,10,0.027,0.008,0.4,0.004
01-09-02,20,11,0.023,0.013,0.4,0.003
01-09-03,25,12,0.021,0.015,0.5,0.004
01-09-04,26,14,0.024,0.010,0.5,0.004
01-09-05,29,15,0.019,0.017,0.5,0.004
01-09-06,28,17,0.017,0.018,0.5,0.004
01-09-07,29,17,0.019,0.015,0.5,0.004
01-09-08,28,16,0.012,0.024,0.5,0.004
01-09-09,29,18,0.006,0.033,0.7,0.004
01-09-10,29,17,0.011,0.028,0.6,0.004
01-09-11,35,25,0.016,0.024,0.5,0.004
01-09-12,24,15,0.025,0.011,0.4,0.004
01-09-13,25,15,0.026,0.011,0.4,0.004
01-09-14,30,19,0.029,0.009,0.4,0.004
01-09-15,35,22,0.030,0.008,0.4,0.005
01-09-16,33,19,0.030,0.009,0.4,0.005
01-09-17,29,14,0.030,0.010,0.4,0.004
01-09-18,22,12,0.028,0.012,0.4,0.004
01-09-19,23,11,0.024,0.016,0.4,0.003
01-09-20,25,15,0.026,0.012,0.4,0.004
01-09-21,30,18,0.025,0.013,0.4,0.004
01-09-22,25,15,0.023,0.015,0.5,0.003
01-09-23,27,13,0.024,0.013,0.4,0.004
01-09-24,27,17,0.022,0.016,0.4,0.003
01-10-01,30,16,0.015,0.024,0.5,0.003
01-10-02,28,18,0.011,0.029,0.6,0.003
01-10-03,31,20,0.006,0.035,0.7,0.004
01-10-04,32,20,0.006,0.034,0.7,0.004
01-10-05,35,21,0.003,0.039,0.7,0.003
01-10-06,33,24,0.002,0.040,0.8,0.003
01-10-07,37,25,0.002,0.045,0.9,0.003
01-10-08,35,25,0.002,0.044,0.8,0.003
01-10-09,40,24,0.004,0.044,0.8,0.004
01-10-10,45,31,0.006,0.045,1.0,0.004
01-10-11,60,45,0.008,0.041,0.8,0.004
01-10-12,54,40,0.010,0.038,0.8,0.004
01-10-13,47,36,0.012,0.035,0.7,0.004
01-10-14,50,37,0.012,0.036,0.7,0.004
01-10-15,49,33,0.011,0.038,0.6,0.004
01-10-16,45,33,0.010,0.038,0.6,0.004
01-10-17,46,33,0.007,0.041,0.6,0.004
01-10-18,43,30,0.004,0.045,0.6,0.004
01-10-19,41,29,0.003,0.045,0.6,0.003
01-10-20,39,28,0.003,0.046,0.6,0.004
01-10-21,42,27,0.002,0.047,0.6,0.003
01-10-22,36,25,0.002,0.048,0.6,0.003
01-10-23,35,25,0.003,0.045,0.6,0.003
01-10-24,36,24,0.007,0.037,0.6,0.003
01-11-01,45,28,0.020,0.019,0.5,0.003
01-11-02,50,33,0.017,0.023,0.6,0.002
01-11-03,52,34,0.016,0.022,0.6,0.003
01-11-04,44,29,0.010,0.031,0.6,0.003
01-11-05,42,26,0.010,0.031,0.6,0.004
01-11-06,42,29,0.003,0.038,0.7,0.003
01-11-07,41,29,0.003,0.043,0.8,0.004
01-11-08,43,29,0.002,0.046,0.9,0.004
01-11-09,51,34,0.003,0.056,1.2,0.004
01-11-10,59,42,0.003,0.059,1.3,0.004
01-11-11,66,46,0.003,0.057,1.2,0.004
01-11-12,69,50,0.004,0.053,1.1,0.004
01-11-13,75,52,0.005,0.052,1.1,0.004
01-11-14,68,46,0.006,0.049,1.0,0.004
01-11-15,59,40,0.006,0.049,0.9,0.005
01-11-16,54,41,0.006,0.047,0.9,0.004
01-11-17,54,38,0.004,0.046,0.8,0.004
01-11-18,49,36,0.002,0.047,0.7,0.004
01-11-19,50,37,0.002,0.052,0.8,0.004
01-11-20,47,34,0.002,0.051,0.8,0.004
01-11-21,47,33,0.002,0.055,0.9,0.004
01-11-22,50,37,0.002,0.053,0.8,0.004
01-11-23,53,39,0.002,0.055,0.9,0.004
01-11-24,49,35,0.002,0.055,1.0,0.004
01-12-01,54,38,0.002,0.056,1.0,0.003
01-12-02,52,39,0.002,0.059,1.0,0.003
01-12-03,59,45,0.002,0.057,1.0,0.003
01-12-04,57,43,0.002,0.051,0.9,0.003
01-12-05,57,43,0.002,0.052,1.0,0.003
01-12-06,55,43,0.002,0.054,1.0,0.004
01-12-07,58,43,0.002,0.055,1.0,0.003
01-12-08,57,45,0.002,0.058,1.1,0.004
01-12-09,65,50,0.002,0.059,1.3,0.004
01-12-10,70,53,0.003,0.061,1.3,0.004
01-12-11,83,62,0.003,0.058,1.3,0.004
01-12-12,83,65,0.005,0.056,1.1,0.004
01-12-13,82,65,0.004,0.055,1.0,0.005
01-12-14,81,65,0.003,0.057,0.9,0.004
01-12-15,79,61,0.004,0.054,0.9,0.004
01-12-16,75,59,0.003,0.054,0.9,0.004
01-12-17,76,59,0.003,0.051,0.8,0.003
01-12-18,72,57,0.003,0.050,0.7,0.003
01-12-19,70,54,0.003,0.055,0.9,0.004
01-12-20,84,63,0.003,0.062,1.1,0.004
01-12-21,81,59,0.003,0.053,0.9,0.004
01-12-22,70,46,0.003,0.052,0.8,0.003
01-12-23,84,56,0.003,0.060,1.0,0.004
01-12-24,85,57,0.003,0.057,1.0,0.004
01-13-01,88,57,0.003,0.054,1.0,0.004
01-13-02,85,53,0.003,0.050,0.9,0.004
01-13-03,84,53,0.003,0.048,0.8,0.003
01-13-04,83,53,0.003,0.049,0.9,0.003
01-13-05,87,56,0.003,0.047,0.9,0.004
01-13-06,83,52,0.003,0.048,0.9,0.004
01-13-07,92,55,0.003,0.049,0.9,0.004
01-13-08,95,55,0.003,0.049,1.0,0.004
01-13-09,99,57,0.004,0.055,1.2,0.004
01-13-10,107,57,0.004,0.058,1.1,0.004
01-13-11,123,63,0.005,0.060,1.3,0.004
01-13-12,135,68,0.006,0.067,1.3,0.004
01-13-13,152,71,0.005,0.069,1.3,0.005
01-13-14,153,63,0.009,0.058,1.0,0.006
01-13-15,145,42,0.019,0.036,0.6,0.005
01-13-16,130,33,0.024,0.032,0.6,0.005
01-13-17,117,31,0.021,0.035,0.6,0.005
01-13-18,106,29,0.014,0.044,0.6,0.005
01-13-19,108,32,0.005,0.056,0.7,0.004
01-13-20,106,35,0.002,0.061,0.8,0.004
01-13-21,107,37,0.007,0.046,0.7,0.004
01-13-22,146,37,0.010,0.038,0.7,0.004
01-13-23,190,42,0.005,0.045,0.8,0.004
01-13-24,209,44,0.013,0.032,0.7,0.004
01-14-01,194,41,0.017,0.028,0.6,0.005
01-14-02,147,34,0.022,0.020,0.6,0.004
01-14-03,108,26,0.026,0.014,0.5,0.004
01-14-04,90,24,0.013,0.031,0.6,0.003
01-14-05,86,24,0.004,0.045,0.6,0.003
01-14-06,79,24,0.008,0.037,0.6,0.003
01-14-07,81,25,0.008,0.037,0.6,0.003
01-14-08,77,24,0.003,0.047,0.8,0.004
01-14-09,75,25,0.003,0.057,1.1,0.004
01-14-10,83,29,0.005,0.055,1.2,0.004
01-14-11,89,31,0.008,0.048,0.9,0.004
01-14-12,65,27,0.010,0.046,0.8,0.004
01-14-13,56,23,0.011,0.043,0.7,0.004
01-14-14,63,26,0.011,0.046,0.7,0.004
01-14-15,69,27,0.015,0.039,0.6,0.004
01-14-16,62,20,0.018,0.035,0.6,0.003
01-14-17,70,21,0.016,0.038,0.7,0.003
01-14-18,79,20,0.010,0.044,0.6,0.003
01-14-19,86,27,0.003,0.056,0.8,0.004
01-14-20,84,26,0.003,0.060,0.9,0.004
01-14-21,91,29,0.003,0.059,0.8,0.004
01-14-22,94,26,0.002,0.060,0.9,0.004
01-14-23,99,26,0.002,0.059,0.8,0.004
01-14-24,91,21,0.003,0.056,0.8,0.004
01-15-01,92,25,0.002,0.054,0.7,0.004
01-15-02,87,22,0.002,0.053,0.7,0.004
01-15-03,86,24,0.002,0.053,0.8,0.004
01-15-04,82,21,0.002,0.051,0.8,0.004
01-15-05,80,22,0.002,0.052,0.8,0.004
01-15-06,79,24,0.002,0.053,0.7,0.004
01-15-07,79,25,0.002,0.053,0.7,0.004
01-15-08,76,25,0.002,0.060,0.8,0.005
01-15-09,81,28,0.003,0.066,1.1,0.006
01-15-10,86,29,0.003,0.064,1.1,0.005
01-15-11,87,30,0.003,0.066,1.1,0.005
01-15-12,85,32,0.003,0.072,1.3,0.005
01-15-13,85,30,0.013,0.047,0.6,0.004
01-15-14,65,19,0.025,0.031,0.4,0.005
01-15-15,70,20,0.027,0.029,0.5,0.005
01-15-16,88,33,0.025,0.033,0.6,0.004
01-15-17,124,62,0.020,0.037,0.7,0.004
01-15-18,123,63,0.020,0.031,0.6,0.004
01-15-19,110,52,0.013,0.032,0.6,0.003
01-15-20,100,41,0.009,0.034,0.6,0.003
01-15-21,88,38,0.017,0.026,0.6,0.003
01-15-22,69,31,0.018,0.025,0.6,0.003
01-15-23,73,35,0.017,0.024,0.6,0.003
01-15-24,75,38,0.022,0.017,0.7,0.003
01-16-01,82,47,0.020,0.020,0.7,0.004
01-16-02,84,50,0.022,0.018,0.7,0.003
01-16-03,87,53,0.023,0.015,0.7,0.003
01-16-04,85,49,0.021,0.016,0.7,0.003
01-16-05,85,56,0.020,0.015,0.7,0.003
01-16-06,80,52,0.015,0.019,0.7,0.003
01-16-07,78,52,0.016,0.018,0.6,0.003
01-16-08,71,48,0.016,0.020,0.6,0.003
01-16-09,68,47,0.016,0.021,0.6,0.003
01-16-10,65,43,0.018,0.018,0.6,0.003
01-16-11,70,46,0.019,0.019,0.6,0.004
01-16-12,66,45,0.023,0.017,0.6,0.003
01-16-13,58,38,0.028,0.015,0.5,0.003
01-16-14,51,32,0.033,0.013,0.4,0.004
01-16-15,50,33,0.032,0.014,0.4,0.004
01-16-16,45,28,0.034,0.010,0.4,0.003
01-16-17,37,24,0.033,0.013,0.4,0.002
01-16-18,40,26,0.030,0.015,0.4,0.002
01-16-19,41,22,0.024,0.020,0.4,0.003
01-16-20,34,17,0.025,0.016,0.4,0.003
01-16-21,27,14,0.026,0.014,0.4,0.003
01-16-22,23,11,0.030,0.011,0.3,0.003
01-16-23,17,8,0.031,0.009,0.3,0.002
01-16-24,17,10,0.029,0.009,0.4,0.003
01-17-01,19,13,0.027,0.010,0.4,0.003
01-17-02,20,11,0.025,0.013,0.4,0.002
01-17-03,21,13,0.026,0.012,0.4,0.003
01-17-04,22,14,0.024,0.013,0.4,0.003
01-17-05,21,15,0.025,0.012,0.4,0.003
01-17-06,21,14,0.023,0.013,0.4,0.003
01-17-07,21,16,0.021,0.015,0.4,0.003
01-17-08,24,16,0.019,0.019,0.5,0.003
01-17-09,24,18,0.019,0.019,0.5,0.003
01-17-10,23,15,0.023,0.016,0.5,0.003
01-17-11,25,16,0.028,0.011,0.4,0.003
01-17-12,16,10,0.029,0.011,0.4,0.003
01-17-13,13,6,0.032,0.009,0.3,0.003
01-17-14,21,13,0.029,0.013,0.4,0.003
01-17-15,26,17,0.026,0.018,0.4,0.003
01-17-16,25,16,0.024,0.020,0.4,0.003
01-17-17,27,16,0.027,0.018,0.4,0.003
01-17-18,20,11,0.027,0.018,0.4,0.003
01-17-19,20,13,0.025,0.019,0.4,0.003
01-17-20,20,12,0.023,0.022,0.4,0.003
01-17-21,24,14,0.016,0.028,0.4,0.003
01-17-22,26,16,0.014,0.028,0.4,0.002
01-17-23,26,16,0.007,0.038,0.5,0.002
01-17-24,25,16,0.009,0.036,0.5,0.003
01-18-01,25,13,0.018,0.023,0.4,0.002
01-18-02,22,11,0.016,0.026,0.4,0.002
01-18-03,20,12,0.019,0.024,0.4,0.003
01-18-04,25,11,0.018,0.024,0.4,0.002
01-18-05,29,11,0.018,0.024,0.4,0.003
01-18-06,27,11,0.012,0.031,0.4,0.003
01-18-07,31,13,0.007,0.037,0.5,0.002
01-18-08,33,18,0.003,0.046,0.6,0.002
01-18-09,40,21,0.003,0.048,0.8,0.003
01-18-10,45,24,0.003,0.047,0.8,0.003
01-18-11,52,28,0.004,0.046,0.8,0.003
01-18-12,58,35,0.005,0.048,0.9,0.003
01-18-13,76,44,0.011,0.035,0.6,0.003
01-18-14,57,32,0.024,0.019,0.5,0.004
01-18-15,55,27,0.028,0.014,0.5,0.003
01-18-16,46,18,0.037,0.009,0.4,0.003
01-18-17,39,8,0.037,0.009,0.3,0.002
01-18-18,31,8,0.035,0.010,0.3,0.003
01-18-19,34,10,0.033,0.011,0.4,0.003
01-18-20,34,12,0.028,0.015,0.4,0.003
01-18-21,38,15,0.029,0.013,0.4,0.003
01-18-22,32,13,0.030,0.010,0.4,0.003
01-18-23,28,6,0.031,0.009,0.4,0.003
01-18-24,26,8,0.030,0.010,0.3,0.003
01-19-01,26,7,0.028,0.010,0.4,0.003
01-19-02,24,8,0.028,0.008,0.3,0.003
01-19-03,21,8,0.028,0.009,0.3,0.003
01-19-04,21,6,0.025,0.012,0.4,0.003
01-19-05,25,12,0.021,0.016,0.4,0.002
01-19-06,24,9,0.017,0.020,0.4,0.002
01-19-07,25,10,0.015,0.024,0.5,0.002
01-19-08,26,10,0.007,0.033,0.6,0.002
01-19-09,39,10,0.006,0.038,0.6,0.002
01-19-10,43,15,0.007,0.040,0.8,0.003
01-19-11,52,26,0.006,0.046,0.8,0.003
01-19-12,,,,,,
01-19-13,,,,,,
01-19-14,32,17,0.010,0.037,0.5,0.003
01-19-15,38,19,0.011,0.035,0.5,0.002
01-19-16,31,16,0.010,0.039,0.5,0.003
01-19-17,35,16,0.007,0.045,0.5,0.002
01-19-18,37,19,0.003,0.051,0.6,0.003
01-19-19,38,19,0.002,0.053,0.6,0.003
01-19-20,39,18,0.002,0.059,0.8,0.003
01-19-21,41,18,0.002,0.058,0.9,0.003
01-19-22,42,21,0.002,0.058,0.8,0.003
01-19-23,47,25,0.002,0.063,0.9,0.004
01-19-24,45,26,0.002,0.058,0.8,0.003
01-20-01,41,27,0.002,0.054,0.6,0.003
01-20-02,37,24,0.002,0.052,0.7,0.003
01-20-03,35,25,0.002,0.050,0.6,0.003
01-20-04,36,25,0.002,0.053,0.8,0.003
01-20-05,42,27,0.002,0.052,0.8,0.003
01-20-06,42,28,0.002,0.050,0.7,0.003
01-20-07,40,25,0.002,0.050,0.7,0.003
01-20-08,37,23,0.002,0.050,0.7,0.003
01-20-09,43,26,0.003,0.050,0.8,0.003
01-20-10,39,21,0.005,0.047,0.7,0.003
01-20-11,39,27,0.007,0.043,0.6,0.003
01-20-12,41,23,0.008,0.047,0.7,0.003
01-20-13,53,30,0.008,0.049,0.7,0.003
01-20-14,57,29,0.010,0.047,0.7,0.003
01-20-15,64,34,0.010,0.051,0.6,0.004
01-20-16,62,30,0.010,0.053,0.6,0.004
01-20-17,66,32,0.007,0.059,0.7,0.004
01-20-18,65,29,0.004,0.063,0.7,0.004
01-20-19,69,31,0.002,0.068,0.8,0.004
01-20-20,75,35,0.002,0.073,1.0,0.004
01-20-21,78,37,0.002,0.073,1.0,0.005
01-20-22,68,31,0.003,0.074,1.0,0.005
01-20-23,68,31,0.002,0.068,0.9,0.005
01-20-24,67,34,0.002,0.066,0.8,0.005
01-21-01,62,33,0.002,0.063,0.8,0.004
01-21-02,53,28,0.003,0.060,0.7,0.004
01-21-03,55,32,0.003,0.058,0.7,0.004
01-21-04,49,27,0.002,0.057,0.7,0.004
01-21-05,49,30,0.002,0.057,0.7,0.005
01-21-06,48,28,0.003,0.053,0.6,0.004
01-21-07,50,29,0.002,0.058,0.7,0.005
01-21-08,50,27,0.002,0.060,0.7,0.005
01-21-09,54,30,0.003,0.058,0.8,0.004
01-21-10,53,28,0.004,0.056,0.8,0.004
01-21-11,52,30,0.005,0.055,0.7,0.004
01-21-12,54,30,0.004,0.060,0.9,0.005
01-21-13,59,36,0.005,0.059,0.9,0.004
01-21-14,58,33,0.004,0.060,0.8,0.005
01-21-15,60,36,0.004,0.063,0.9,0.004
01-21-16,61,37,0.003,0.062,0.9,0.004
01-21-17,59,36,0.003,0.061,0.8,0.003
01-21-18,50,31,0.002,0.061,0.8,0.004
01-21-19,48,32,0.002,0.060,0.8,0.003
01-21-20,48,32,0.002,0.060,0.8,0.004
01-21-21,49,31,0.002,0.055,0.7,0.003
01-21-22,40,26,0.002,0.053,0.7,0.003
01-21-23,38,25,0.002,0.053,0.7,0.003
01-21-24,40,25,0.002,0.052,0.7,0.003
01-22-01,40,26,0.003,0.052,0.7,0.003
01-22-02,35,26,0.002,0.049,0.7,0.003
01-22-03,35,23,0.002,0.047,0.7,0.003
01-22-04,33,25,0.002,0.048,0.7,0.003
01-22-05,35,25,0.002,0.051,0.8,0.003
01-22-06,35,25,0.002,0.053,0.8,0.004
01-22-07,63,47,0.002,0.049,0.7,0.004
01-22-08,92,62,0.003,0.049,0.7,0.003
01-22-09,90,54,0.003,0.046,0.7,0.003
01-22-10,61,39,0.004,0.045,0.8,0.003
01-22-11,39,24,0.008,0.041,0.6,0.003
01-22-12,28,18,0.010,0.038,0.7,0.003
01-22-13,33,21,0.010,0.039,0.6,0.003
01-22-14,40,28,0.007,0.043,0.7,0.003
01-22-15,46,31,0.005,0.049,0.7,0.004
01-22-16,51,31,0.005,0.049,0.6,0.003
01-22-17,48,31,0.005,0.047,0.7,0.003
01-22-18,48,30,0.003,0.048,0.7,0.003
01-22-19,45,30,0.003,0.048,0.6,0.003
01-22-20,38,26,0.003,0.043,0.6,0.003
01-22-21,40,28,0.005,0.039,0.5,0.003
01-22-22,38,26,0.009,0.030,0.4,0.003
01-22-23,41,28,0.004,0.037,0.5,0.003
01-22-24,38,25,0.003,0.039,0.5,0.003
01-23-01,39,25,0.003,0.040,0.6,0.003
01-23-02,30,21,0.004,0.038,0.5,0.003
01-23-03,28,17,0.006,0.034,0.5,0.003
01-23-04,21,15,0.010,0.030,0.5,0.003
01-23-05,17,14,0.014,0.028,0.5,0.003
01-23-06,12,9,0.012,0.031,0.5,0.003
01-23-07,12,9,0.010,0.037,0.4,0.003
01-23-08,10,8,0.007,0.043,0.5,0.003
01-23-09,12,8,0.011,0.039,0.5,0.003
01-23-10,10,6,0.016,0.034,0.5,0.003
01-23-11,11,5,0.018,0.032,0.5,0.004
01-23-12,12,5,0.022,0.028,0.5,0.003
01-23-13,11,5,0.029,0.019,0.5,0.003
01-23-14,10,6,0.032,0.016,0.4,0.003
01-23-15,9,6,0.033,0.016,0.4,0.003
01-23-16,9,5,0.033,0.016,0.4,0.003
01-23-17,10,6,0.030,0.018,0.4,0.003
01-23-18,9,5,0.028,0.020,0.4,0.003
01-23-19,9,6,0.026,0.021,0.4,0.003
01-23-20,10,7,0.028,0.019,0.4,0.003
01-23-21,10,2,0.030,0.016,0.4,0.003
01-23-22,7,4,0.029,0.017,0.4,0.003
01-23-23,6,4,0.026,0.020,0.4,0.003
01-23-24,5,3,0.031,0.014,0.4,0.003
01-24-01,5,3,0.033,0.012,0.4,0.003
01-24-02,5,3,0.032,0.013,0.4,0.003
01-24-03,8,5,0.031,0.013,0.4,0.002
01-24-04,7,6,0.027,0.016,0.5,0.003
01-24-05,8,6,0.026,0.016,0.4,0.003
01-24-06,10,7,0.020,0.024,0.5,0.003
01-24-07,14,9,0.006,0.041,0.5,0.003
01-24-08,14,11,0.004,0.048,0.5,0.003
01-24-09,17,11,0.006,0.047,0.6,0.003
01-24-10,12,6,0.015,0.035,0.5,0.003
01-24-11,16,13,0.026,0.022,0.4,0.003
01-24-12,10,7,0.029,0.018,0.4,0.003
01-24-13,10,6,0.029,0.019,0.4,0.003
01-24-14,11,6,0.031,0.020,0.4,0.003
01-24-15,15,11,0.033,0.018,0.4,0.003
01-24-16,12,8,0.030,0.022,0.4,0.003
01-24-17,16,7,0.026,0.029,0.4,0.003
01-24-18,14,9,0.034,0.017,0.4,0.002
01-24-19,12,8,0.022,0.031,0.4,0.003
01-24-20,16,10,0.009,0.047,0.5,0.003
01-24-21,19,12,0.003,0.055,0.7,0.003
01-24-22,20,13,0.002,0.057,0.8,0.003
01-24-23,20,13,0.002,0.055,0.7,0.003
01-24-24,16,11,0.002,0.056,0.8,0.003
01-25-01,16,10,0.002,0.052,0.7,0.002
01-25-02,16,10,0.002,0.054,0.8,0.003
01-25-03,19,14,0.002,0.054,0.8,0.002
01-25-04,20,14,0.002,0.056,0.9,0.003
01-25-05,22,18,0.002,0.051,0.8,0.003
01-25-06,19,14,0.002,0.050,0.8,0.003
01-25-07,21,15,0.002,0.052,0.9,0.003
01-25-08,20,13,0.002,0.051,0.9,0.003
01-25-09,24,13,0.002,0.053,0.9,0.004
01-25-10,25,14,0.004,0.048,0.8,0.003
01-25-11,24,15,0.008,0.043,0.7,0.003
01-25-12,21,12,0.012,0.038,0.6,0.003
01-25-13,24,11,0.014,0.036,0.6,0.003
01-25-14,23,13,0.015,0.036,0.6,0.003
01-25-15,28,15,0.016,0.037,0.5,0.003
01-25-16,24,14,0.017,0.036,0.5,0.003
01-25-17,25,13,0.017,0.036,0.5,0.003
01-25-18,25,14,0.010,0.046,0.6,0.004
01-25-19,34,16,0.005,0.052,0.6,0.003
01-25-20,31,17,0.004,0.055,0.7,0.003
01-25-21,38,25,0.003,0.063,1.0,0.004
01-25-22,37,23,0.003,0.063,1.1,0.004
01-25-23,46,30,0.003,0.072,1.0,0.005
01-25-24,60,37,0.003,0.074,1.1,0.005
01-26-01,65,38,0.003,0.071,1.0,0.005
01-26-02,52,34,0.002,0.068,0.9,0.005
01-26-03,45,31,0.003,0.065,1.0,0.005
01-26-04,43,25,0.002,0.066,1.1,0.005
01-26-05,40,21,0.002,0.060,1.0,0.004
01-26-06,32,18,0.003,0.054,0.8,0.004
01-26-07,30,16,0.002,0.052,0.7,0.004
01-26-08,42,29,0.003,0.057,0.8,0.004
01-26-09,61,44,0.003,0.055,0.8,0.004
01-26-10,58,40,0.003,0.055,0.7,0.004
01-26-11,60,40,0.003,0.061,0.9,0.004
01-26-12,49,32,0.003,0.057,0.9,0.004
01-26-13,39,24,0.004,0.049,0.7,0.004
01-26-14,43,29,0.006,0.047,0.7,0.004
01-26-15,63,46,0.005,0.050,0.6,0.004
01-26-16,73,49,0.003,0.052,0.6,0.003
01-26-17,71,44,0.003,0.048,0.5,0.003
01-26-18,50,27,0.010,0.032,0.5,0.003
01-26-19,34,20,0.020,0.021,0.6,0.003
01-26-20,27,19,0.026,0.019,0.6,0.003
01-26-21,33,25,0.029,0.017,0.6,0.003
01-26-22,37,29,0.031,0.018,0.8,0.003
01-26-23,40,32,0.028,0.020,0.8,0.003
01-26-24,43,34,0.022,0.026,0.9,0.003
01-27-01,47,38,0.019,0.027,0.9,0.003
01-27-02,55,42,0.021,0.024,0.9,0.003
01-27-03,60,38,0.025,0.018,0.8,0.004
01-27-04,60,33,0.027,0.014,0.7,0.004
01-27-05,61,28,0.027,0.014,0.6,0.004
01-27-06,58,27,0.022,0.021,0.6,0.003
01-27-07,57,22,0.020,0.022,0.5,0.004
01-27-08,50,19,0.012,0.032,0.6,0.003
01-27-09,50,21,0.010,0.037,0.6,0.004
01-27-10,43,14,0.017,0.028,0.5,0.003
01-27-11,40,15,0.023,0.021,0.5,0.003
01-27-12,35,12,0.026,0.019,0.4,0.003
01-27-13,28,9,0.033,0.012,0.4,0.003
01-27-14,25,7,0.035,0.009,0.3,0.003
01-27-15,30,10,0.036,0.009,0.3,0.003
01-27-16,31,9,0.036,0.010,0.3,0.003
01-27-17,31,10,0.031,0.015,0.3,0.003
01-27-18,31,11,0.027,0.020,0.4,0.003
01-27-19,36,12,0.015,0.036,0.4,0.003
01-27-20,36,14,0.016,0.033,0.4,0.003
01-27-21,36,13,0.010,0.041,0.5,0.003
01-27-22,35,15,0.006,0.048,0.5,0.003
01-27-23,36,15,0.005,0.048,0.5,0.004
01-27-24,36,15,0.003,0.051,0.6,0.004
01-28-01,38,16,0.004,0.048,0.7,0.003
01-28-02,36,16,0.004,0.047,0.6,0.004
01-28-03,36,14,0.002,0.053,0.7,0.004
01-28-04,37,16,0.002,0.053,0.7,0.004
01-28-05,43,18,0.002,0.052,0.7,0.003
01-28-06,40,17,0.002,0.052,0.7,0.004
01-28-07,40,16,0.002,0.054,0.7,0.004
01-28-08,42,16,0.002,0.060,0.8,0.004
01-28-09,43,18,0.003,0.060,0.8,0.005
01-28-10,58,22,0.004,0.052,0.7,0.004
01-28-11,61,27,0.004,0.046,0.8,0.004
01-28-12,,,,,,
01-28-13,,,0.031,0.012,0.5,0.003
01-28-14,39,21,0.033,0.011,0.5,0.003
01-28-15,34,16,0.034,0.010,0.4,0.003
01-28-16,33,18,0.035,0.009,0.4,0.003
01-28-17,27,12,0.035,0.009,0.3,0.003
01-28-18,23,8,0.033,0.010,0.3,0.003
01-28-19,26,5,0.033,0.010,0.3,0.002
01-28-20,23,9,0.031,0.010,0.4,0.002
01-28-21,23,13,0.030,0.009,0.4,0.003
01-28-22,21,8,0.030,0.008,0.3,0.002
01-28-23,22,9,0.028,0.009,0.3,0.002
01-28-24,26,8,0.030,0.007,0.3,0.003
01-29-01,32,10,0.031,0.006,0.3,0.002
01-29-02,30,7,0.030,0.006,0.3,0.003
01-29-03,31,9,0.029,0.007,0.3,0.003
01-29-04,29,9,0.030,0.007,0.3,0.003
01-29-05,28,9,0.029,0.008,0.3,0.002
01-29-06,25,9,0.026,0.011,0.3,0.003
01-29-07,25,7,0.022,0.015,0.4,0.002
01-29-08,22,8,0.023,0.015,0.4,0.003
01-29-09,20,8,0.023,0.016,0.4,0.002
01-29-10,20,8,0.026,0.013,0.4,0.002
01-29-11,21,9,0.029,0.008,0.3,0.002
01-29-12,18,8,0.031,0.008,0.3,0.002
01-29-13,17,7,0.033,0.006,0.3,0.002
01-29-14,22,11,0.032,0.008,0.3,0.002
01-29-15,24,12,0.032,0.008,0.3,0.003
01-29-16,23,11,0.032,0.008,0.3,0.003
01-29-17,26,15,0.030,0.012,0.4,0.002
01-29-18,25,11,0.029,0.014,0.3,0.003
01-29-19,25,10,0.026,0.017,0.4,0.003
01-29-20,24,11,0.022,0.020,0.4,0.002
01-29-21,25,12,0.022,0.021,0.4,0.002
01-29-22,25,12,0.010,0.034,0.4,0.002
01-29-23,27,14,0.005,0.043,0.5,0.002
01-29-24,31,13,0.003,0.045,0.5,0.002
01-30-01,32,13,0.005,0.043,0.5,0.003
01-30-02,30,14,0.011,0.033,0.5,0.002
01-30-03,34,15,0.003,0.045,0.5,0.002
01-30-04,34,16,0.002,0.045,0.6,0.003
01-30-05,35,14,0.008,0.036,0.5,0.003
01-30-06,35,16,0.013,0.029,0.5,0.002
01-30-07,37,17,0.004,0.041,0.5,0.002
01-30-08,38,17,0.002,0.043,0.5,0.002
01-30-09,,21,0.002,0.043,0.6,0.002
01-30-10,,20,0.004,0.043,0.6,0.002
01-30-11,51,22,0.006,0.040,0.6,0.002
01-30-12,49,23,0.009,0.040,0.6,0.002
01-30-13,58,28,0.009,0.044,0.7,0.003
01-30-14,80,40,0.012,0.044,0.6,0.004
01-30-15,108,50,0.027,0.023,0.5,0.003
01-30-16,81,33,0.030,0.017,0.4,0.004
01-30-17,65,28,0.027,0.022,0.4,0.003
01-30-18,52,22,0.028,0.020,0.4,0.003
01-30-19,52,23,0.022,0.029,0.5,0.003
01-30-20,58,27,0.020,0.032,0.5,0.002
01-30-21,64,32,0.008,0.048,0.7,0.003
01-30-22,69,33,0.003,0.055,0.7,0.003
01-30-23,75,39,0.002,0.059,0.9,0.003
01-30-24,76,37,0.006,0.050,0.7,0.003
01-31-01,77,38,0.004,0.052,0.8,0.003
01-31-02,72,36,0.003,0.052,0.8,0.003
01-31-03,62,30,0.003,0.050,0.7,0.003
01-31-04,55,28,0.002,0.054,0.8,0.003
01-31-05,60,26,0.002,0.050,0.8,0.004
01-31-06,58,28,0.002,0.050,0.8,0.003
01-31-07,58,30,0.002,0.049,0.8,0.003
01-31-08,56,29,0.002,0.047,0.7,0.003
01-31-09,58,30,0.006,0.041,0.7,0.003
01-31-10,56,28,0.014,0.029,0.6,0.004
01-31-11,60,31,0.018,0.027,0.5,0.003
01-31-12,57,29,0.017,0.031,0.6,0.003
01-31-13,57,28,0.019,0.031,0.5,0.003
01-31-14,60,30,0.020,0.030,0.5,0.004
01-31-15,61,29,0.023,0.030,0.5,0.004
01-31-16,62,24,0.019,0.037,0.5,0.004
01-31-17,63,23,0.015,0.044,0.6,0.004
01-31-18,62,25,0.007,0.053,0.6,0.003
01-31-19,65,26,0.002,0.064,0.7,0.004
01-31-20,66,28,0.003,0.068,1.0,0.004
01-31-21,68,30,0.003,0.068,1.0,0.004
01-31-22,65,28,0.002,0.068,1.0,0.004
01-31-23,66,31,0.003,0.070,1.0,0.004
01-31-24,63,28,0.002,0.069,1.0,0.004
,,,,,,
