지점,지점명,일시,기온(°C),기온 QC플래그,강수량(mm),강수량 QC플래그,풍속(m/s),풍속 QC플래그,풍향(16방위),풍향 QC플래그,습도(%),습도 QC플래그,증기압(hPa),이슬점온도(°C),현지기압(hPa),현지기압 QC플래그,해면기압(hPa),해면기압 QC플래그,일조(hr),일조 QC플래그,일사(MJ/m2),일사 QC플래그,적설(cm),3시간신적설(cm),전운량(10분위),중하층운량(10분위),운형(운형약어),최저운고(100m ),시정(10m),지면상태(지면상태코드),현상번호(국내식),지면온도(°C),지면온도 QC플래그,5cm 지중온도(°C),10cm 지중온도(°C),20cm 지중온도(°C),30cm 지중온도(°C)
108,서울,2021-01-01 01:00,-8.7,,,,2.4,,270,,68,,2.2,-13.5,1016.4,,1027.7,,,9,,9,,,0,0,,,2000,,,-6.9,,-1,-.8,.3,1.6
108,서울,2021-01-01 02:00,-9.1,,,,1.6,,270,,69,,2.1,-13.7,1016.2,,1027.5,,,9,,9,,,0,0,,,2000,,,-7.1,,-1.1,-.8,.3,1.6
108,서울,2021-01-01 03:00,-9.3,,,,1.1,,250,,70,,2.1,-13.7,1016.8,,1028.1,,,9,,9,,,0,0,,,2000,,,-7.3,,-1.2,-.9,.3,1.6
108,서울,2021-01-01 04:00,-9.3,,,,.3,,0,,71,,2.2,-13.5,1016.2,,1027.5,,,9,,9,,,0,0,,,2000,,,-7.5,,-1.3,-1,.2,1.5
108,서울,2021-01-01 05:00,-9.7,,,,1.9,,20,,72,,2.1,-13.8,1015.6,,1026.9,,,9,,9,,,0,0,,,2000,,,-7.6,,-1.3,-1,.2,1.5
108,서울,2021-01-01 06:00,-9.7,,,,2,,50,,75,,2.2,-13.3,1015.4,,1026.7,,,9,,9,,,7,7,Sc,12,2000,,,-7.4,,-1.4,-1.1,.2,1.5
108,서울,2021-01-01 07:00,-9.3,,,,1.6,,50,,71,,2.2,-13.5,1015.6,,1026.9,,,9,,9,,,6,6,Sc,16,2000,,,-6.8,,-1.4,-1.1,.2,1.5
108,서울,2021-01-01 08:00,-9.3,,,,1.6,,50,,72,,2.2,-13.4,1015.8,,1027.1,,0,,0,,,,1,1,Sc,18,2000,,,-7.3,,-1.4,-1.1,.1,1.5
108,서울,2021-01-01 09:00,-8.6,,,,2.5,,20,,74,,2.4,-12.4,1016.1,,1027.4,,.6,,.27,,,,1,1,Sc,18,2000,,,-6.2,,-1.4,-1.2,.1,1.4
108,서울,2021-01-01 10:00,-6.1,,,,1.1,,50,,68,,2.6,-11,1016.4,,1027.6,,1,,.76,,,,1,1,Sc,10,2000,,,-3.4,,-1.2,-1.1,.1,1.4
108,서울,2021-01-01 11:00,-3.2,,,,1.7,,70,,55,,2.7,-10.9,1015.5,,1026.5,,1,,1.4,,,,0,0,,,2000,,,-.5,,-.8,-1,.1,1.4
108,서울,2021-01-01 12:00,-1.1,,,,2.1,,200,,52,,2.9,-9.7,1014.8,,1025.7,,.9,,1.74,,,,8,8,Sc,9,2000,,,1.5,,-.5,-.8,.1,1.4
108,서울,2021-01-01 13:00,-.2,,,,3,,250,,56,,3.4,-7.9,1014,,1024.9,,.7,,1.61,,,,5,5,Sc,9,2000,,,3.3,,-.2,-.7,.1,1.4
108,서울,2021-01-01 14:00,1.4,,,,1.6,,200,,53,,3.6,-7.1,1013.2,,1024,,.8,,1.61,,,,1,1,Sc,10,2000,,,4.3,,0,-.6,0,1.3
108,서울,2021-01-01 15:00,1.2,,,,2.6,,270,,52,,3.5,-7.5,1013.3,,1024.1,,1,,1.43,,,,4,1,ScAcCi,11,2000,,,1.4,,.1,-.5,0,1.3
108,서울,2021-01-01 16:00,-.2,,,,3.8,,270,,58,,3.5,-7.4,1013.6,,1024.5,,.1,,.42,,,,3,3,Sc,18,2000,,,-.2,,.1,-.5,.1,1.3
108,서울,2021-01-01 17:00,-.7,,,,1.8,,250,,61,,3.5,-7.3,1013.6,,1024.5,,.4,,.28,,,,3,3,Sc,17,2000,,,-.4,,.2,-.4,.1,1.3
108,서울,2021-01-01 18:00,-1.4,,,,2.1,,250,,68,,3.8,-6.5,1013.6,,1024.5,,0,,.02,,,,3,3,Sc,15,2000,,,-.9,,.1,-.4,.1,1.3
108,서울,2021-01-01 19:00,-1.5,,,,2.4,,250,,70,,3.8,-6.2,1013.6,,1024.5,,,9,,9,,,1,1,,17,2000,,,-1.2,,.1,-.4,.1,1.3
108,서울,2021-01-01 20:00,-1.6,,,,2.5,,270,,73,,4,-5.8,1013.8,,1024.7,,,9,,9,,,8,7,,15,2000,,,-1.5,,.1,-.4,.1,1.3
108,서울,2021-01-01 21:00,-1.6,,,,2.3,,270,,66,,3.6,-7.1,1014.3,,1025.2,,,9,,9,,,8,8,Sc,15,2000,,,-1.4,,.1,-.4,.1,1.3
108,서울,2021-01-01 22:00,-1.8,,,,2.5,,270,,63,,3.4,-7.9,1014.7,,1025.7,,,9,,9,,,8,8,,15,2000,,,-1.8,,.1,-.4,.1,1.3
108,서울,2021-01-01 23:00,-2.6,,,,1.9,,250,,55,,2.8,-10.4,1014.9,,1025.9,,,9,,9,,,0,0,,,2000,,,-2.8,,0,-.4,.1,1.3
108,서울,2021-01-02 00:00,-3.4,,,,2.5,,320,,55,,2.6,-11.1,1015,,1026,,,9,,9,,,0,0,,,2000,,,-3.8,,-.1,-.5,.1,1.3
108,서울,2021-01-02 01:00,-4.1,,,,2.3,,320,,39,,1.8,-16,1015.1,,1026.2,,,9,,9,,,0,0,,,2000,,,-4.7,,-.2,-.5,.1,1.3
108,서울,2021-01-02 02:00,-5,,,,2.7,,270,,42,,1.8,-15.9,1015.5,,1026.6,,,9,,9,,,0,0,,,2000,,,-5.3,,-.4,-.6,.1,1.3
108,서울,2021-01-02 03:00,-5.8,,,,1.9,,270,,45,,1.8,-15.8,1015.8,,1026.9,,,9,,9,,,0,0,,,2000,,,-5.9,,-.5,-.7,.1,1.3
108,서울,2021-01-02 04:00,-6.3,,,,1.7,,290,,45,,1.7,-16.3,1015.8,,1027,,,9,,9,,,0,0,,,2000,,,-6.4,,-.7,-.8,0,1.3
108,서울,2021-01-02 05:00,-6.6,,,,1.1,,320,,40,,1.5,-17.9,1016,,1027.2,,,9,,9,,,0,0,,,2000,,,-6.9,,-.9,-.9,0,1.3
108,서울,2021-01-02 06:00,-6.6,,,,2.7,,320,,35,,1.3,-19.5,1016.2,,1027.4,,,9,,9,,,0,0,,,2000,,,-7.2,,-1,-1,0,1.3
108,서울,2021-01-02 07:00,-7.4,,,,1.5,,290,,38,,1.3,-19.3,1016.6,,1027.8,,,9,,9,,,0,0,,,2000,,,-7.5,,-1.1,-1.1,0,1.3
108,서울,2021-01-02 08:00,-8.3,,,,1.3,,270,,41,,1.3,-19.2,1017.1,,1028.4,,0,,0,,,,0,0,,,2000,,,-7.8,,-1.3,-1.2,0,1.2
108,서울,2021-01-02 09:00,-7.6,,,,2,,270,,39,,1.4,-19.1,1017.9,,1029.1,,.9,,.3,,,,0,0,,,2000,,,-6.7,,-1.4,-1.2,0,1.2
108,서울,2021-01-02 10:00,-6,,,,2.3,,320,,35,,1.4,-19,1018.6,,1029.8,,1,,.88,,,,0,0,,,2000,,,-3.9,,-1.2,-1.2,-.1,1.2
108,서울,2021-01-02 11:00,-5.3,,,,3.2,,290,,32,,1.3,-19.4,1019,,1030.1,,1,,1.46,,,,0,0,,,2000,,,-.7,,-.9,-1.1,-.1,1.2
108,서울,2021-01-02 12:00,-3.2,,,,3,,270,,33,,1.6,-17.2,1018.7,,1029.8,,1,,1.81,,,,0,0,,,2000,,,1.2,,-.7,-1,-.1,1.2
108,서울,2021-01-02 13:00,-2.3,,,,2.5,,290,,31,,1.6,-17.1,1018.3,,1029.3,,1,,1.95,,,,0,0,,,2000,,,3.6,,-.4,-.9,-.1,1.2
108,서울,2021-01-02 14:00,-1.5,,,,4.4,,250,,31,,1.7,-16.4,1018.1,,1029.1,,1,,1.87,,,,0,0,,,2000,,,3.5,,-.3,-.8,-.1,1.2
108,서울,2021-01-02 15:00,-2.3,,,,5.2,,290,,33,,1.7,-16.4,1017.9,,1028.9,,1,,1.57,,,,0,0,,,2000,,,1.6,,-.2,-.7,-.1,1.2
108,서울,2021-01-02 16:00,-1.7,,,,3.4,,290,,34,,1.8,-15.5,1018.2,,1029.2,,1,,1.05,,,,0,0,,,2000,,,-.3,,-.1,-.6,-.1,1.2
108,서울,2021-01-02 17:00,-2.3,,,,4.5,,270,,35,,1.8,-15.7,1018.9,,1029.9,,1,,.41,,,,0,0,,,2000,,,-1.1,,-.1,-.6,-.1,1.2
108,서울,2021-01-02 18:00,-3.2,,,,2.7,,250,,39,,1.9,-15.2,1019.5,,1030.6,,.1,,.04,,,,0,0,,,2000,,,-2.3,,-.1,-.6,-.1,1.2
108,서울,2021-01-02 19:00,-3.8,,,,2.8,,270,,50,,2.3,-12.7,1020,,1031.1,,,9,,9,,,0,0,,,2000,,,-3,,-.2,-.6,-.1,1.1
108,서울,2021-01-02 20:00,-4.2,,,,2.9,,320,,41,,1.8,-15.5,1020.5,,1031.6,,,9,,9,,,0,0,,,2000,,,-3.8,,-.4,-.7,-.1,1.1
108,서울,2021-01-02 21:00,-5,,,,2.3,,290,,39,,1.6,-16.8,1020.4,,1031.6,,,9,,9,,,0,0,,,2000,,,-4.6,,-.5,-.8,-.1,1.1
108,서울,2021-01-02 22:00,-5.5,,,,2.8,,320,,42,,1.7,-16.4,1020.6,,1031.8,,,9,,9,,,0,0,,,2000,,,-5.4,,-.7,-.9,-.1,1.1
108,서울,2021-01-02 23:00,-6.1,,,,1.9,,270,,45,,1.7,-16.1,1020.8,,1032,,,9,,9,,,0,0,,,2000,,,-6,,-.8,-1,-.1,1.1
108,서울,2021-01-03 00:00,-6.6,,,,3.8,,290,,45,,1.7,-16.5,1021.5,,1032.7,,,9,,9,,,0,0,,,2000,,,-6.4,,-.9,-1,-.1,1.1
108,서울,2021-01-03 01:00,-7.3,,,,2.4,,270,,48,,1.7,-16.4,1022,,1033.3,,,9,,9,,,0,0,,,2000,,,-6.9,,-1.1,-1.1,-.1,1.1
108,서울,2021-01-03 02:00,-7.7,,,,2,,270,,50,,1.7,-16.3,1022.6,,1033.9,,,9,,9,,,0,0,,,2000,,,-7.2,,-1.2,-1.2,-.1,1.1
108,서울,2021-01-03 03:00,-8,,,,2.2,,250,,51,,1.7,-16.3,1022.8,,1034.1,,,9,,9,,,0,0,,,2000,,,-7.4,,-1.3,-1.3,-.2,1.1
108,서울,2021-01-03 04:00,-8.3,,,,1.6,,270,,52,,1.7,-16.4,1022.9,,1034.2,,,9,,9,,,0,0,,,2000,,,-7.7,,-1.5,-1.4,-.2,1.1
108,서울,2021-01-03 05:00,-8.8,,,,1,,270,,53,,1.7,-16.6,1022.6,,1033.9,,,9,,9,,,0,0,,,2000,,,-8,,-1.6,-1.4,-.2,1.1
108,서울,2021-01-03 06:00,-9,,,,1.3,,270,,53,,1.6,-16.8,1023.4,,1034.8,,,9,,9,,,0,0,,,2000,,,-8.1,,-1.7,-1.5,-.2,1.1
108,서울,2021-01-03 07:00,-8.7,,,,1.1,,290,,54,,1.7,-16.3,1023.6,,1035,,,9,,9,,,0,0,,,2000,,,-8.3,,-1.8,-1.6,-.2,1.1
108,서울,2021-01-03 08:00,-8.7,,,,.9,,230,,58,,1.8,-15.4,1023.7,,1035.1,,0,,0,,,,0,0,,,2000,,,-8.2,,-1.9,-1.7,-.3,1.1
108,서울,2021-01-03 09:00,-7.6,,,,1.8,,250,,57,,2,-14.6,1024.1,,1035.4,,.8,,.28,,,,0,0,,,2000,,,-6.9,,-1.9,-1.7,-.3,1.1
108,서울,2021-01-03 10:00,-5.7,,,,2.6,,290,,46,,1.8,-15.5,1024,,1035.2,,1,,.86,,,,0,0,,,2000,,,-4.1,,-1.6,-1.7,-.3,1
108,서울,2021-01-03 11:00,-4.2,,,,1.9,,270,,39,,1.7,-16.1,1023.6,,1034.8,,1,,1.45,,,,0,0,,,2000,,,-.5,,-1.3,-1.5,-.3,1
108,서울,2021-01-03 12:00,-3.1,,,,2.9,,270,,33,,1.6,-17.1,1023.2,,1034.3,,1,,1.78,,,,7,7,Sc,10,2000,,,1.6,,-.9,-1.3,-.3,1
108,서울,2021-01-03 13:00,-2.4,,,,3.1,,290,,30,,1.5,-17.6,1022.9,,1034,,.9,,1.62,,,,7,7,Sc,11,2000,,,1.1,,-.6,-1.1,-.3,1
108,서울,2021-01-03 14:00,-2.3,,,,3.6,,290,,30,,1.6,-17.5,1022.7,,1033.8,,.3,,1.21,,,,8,2,ScCi,12,2000,,,1.6,,-.3,-.9,-.3,1
108,서울,2021-01-03 15:00,-2.4,,,,3.7,,290,,33,,1.7,-16.5,1022.2,,1033.3,,.2,,.76,,,,8,0,Ci,,2000,,,0,,-.2,-.8,-.3,1
108,서울,2021-01-03 16:00,-2.3,,,,2.5,,270,,35,,1.8,-15.7,1022.1,,1033.2,,0,,.48,,,,9,0,Ci,,2000,,,-.5,,-.1,-.7,-.3,1
108,서울,2021-01-03 17:00,-2.6,,,,1.9,,270,,36,,1.8,-15.6,1022.2,,1033.3,,.3,,.33,,,,6,0,Ci,,2000,,,-.8,,-.1,-.7,-.3,1
108,서울,2021-01-03 18:00,-3.6,,,,2.1,,270,,40,,1.9,-15.2,1022.2,,1033.3,,0,,.03,,,,5,0,Ci,,2000,,,-2.3,,-.1,-.7,-.3,1
108,서울,2021-01-03 19:00,-4.4,,,,1.1,,200,,41,,1.8,-15.7,1022.4,,1033.6,,,9,,9,,,0,0,,,2000,,,-3.5,,-.3,-.7,-.3,1
108,서울,2021-01-03 20:00,-4.9,,,,1.4,,290,,43,,1.8,-15.5,1023,,1034.2,,,9,,9,,,0,0,,,2000,,,-4.6,,-.5,-.8,-.3,1
108,서울,2021-01-03 21:00,-5.3,,,,.7,,270,,45,,1.9,-15.3,1023.3,,1034.5,,,9,,9,,,3,3,Sc,13,2000,,,-5.4,,-.7,-1,-.3,.9
108,서울,2021-01-03 22:00,-5.9,,,,1.1,,290,,50,,2,-14.6,1023.1,,1034.3,,,9,,9,,,0,0,,,2000,,,-6.1,,-.9,-1.1,-.3,.9
108,서울,2021-01-03 23:00,-5.3,,,,3.2,,340,,44,,1.8,-15.6,1022.8,,1034,,,9,,9,,,0,0,,,2000,,,-6.4,,-1.1,-1.2,-.3,.9
108,서울,2021-01-04 00:00,-6.2,,,,.5,,290,,48,,1.8,-15.4,1023.1,,1034.3,,,9,,9,,,0,0,,,2000,,,-7,,-1.2,-1.3,-.3,.9
108,서울,2021-01-04 01:00,-6.5,,,,1.3,,340,,49,,1.8,-15.4,1023.2,,1034.4,,,9,,9,,,0,0,,,2000,,,-7.3,,-1.4,-1.4,-.3,.9
108,서울,2021-01-04 02:00,-7,,,,.5,,250,,51,,1.8,-15.4,1023.3,,1034.6,,,9,,9,,,0,0,,,2000,,,-7.6,,-1.5,-1.5,-.4,.9
108,서울,2021-01-04 03:00,-7.1,,,,.9,,290,,54,,1.9,-14.8,1023.2,,1034.5,,,9,,9,,,0,0,,,2000,,,-7.8,,-1.7,-1.6,-.4,.9
108,서울,2021-01-04 04:00,-7.4,,,,1.3,,20,,56,,2,-14.6,1023,,1034.3,,,9,,9,,,0,0,,,2000,,,-7.9,,-1.8,-1.7,-.4,.9
108,서울,2021-01-04 05:00,-8.1,,,,1.7,,50,,52,,1.7,-16.2,1023,,1034.3,,,9,,9,,,0,0,,,2000,,,-8.1,,-1.9,-1.8,-.4,.9
108,서울,2021-01-04 06:00,-8.1,,,,2.2,,70,,47,,1.6,-17.4,1022.3,,1033.6,,,9,,9,,,0,0,,,2000,,,-8,,-2,-1.9,-.4,.9
108,서울,2021-01-04 07:00,-8.3,,,,2.4,,50,,51,,1.7,-16.6,1022.2,,1033.5,,,9,,9,,,0,0,,,2000,,,-8,,-2,-1.9,-.5,.9
108,서울,2021-01-04 08:00,-8.1,,,,2.3,,50,,48,,1.6,-17.2,1022.5,,1033.8,,0,,0,,,,0,0,,,2000,,,-7.8,,-2.1,-2,-.5,.9
108,서울,2021-01-04 09:00,-7.6,,,,2.5,,50,,48,,1.7,-16.7,1022.6,,1033.9,,.3,,.2,,,,4,4,Sc,10,2000,,,-6.1,,-2.1,-2,-.5,.8
108,서울,2021-01-04 10:00,-5.6,,,,1.3,,50,,43,,1.7,-16.2,1022.9,,1034.1,,.8,,.56,,,,0,0,,,2000,,,-3.3,,-1.8,-1.9,-.6,.8
108,서울,2021-01-04 11:00,-3,,,,2.4,,50,,40,,2,-14.7,1022.4,,1033.5,,1,,1.17,,,,2,2,Sc,16,2000,,,-.2,,-1.4,-1.7,-.6,.8
108,서울,2021-01-04 12:00,-1.5,,,,2.4,,50,,40,,2.2,-13.3,1021.2,,1032.2,,1,,1.59,,,,0,0,,,2000,,,2.1,,-1,-1.5,-.6,.8
108,서울,2021-01-04 13:00,-.6,,,,1.9,,90,,41,,2.4,-12.2,1020,,1031,,1,,1.67,,,,0,0,,,2000,,,3.5,,-.6,-1.2,-.6,.8
108,서울,2021-01-04 14:00,-.4,,,,1.6,,50,,40,,2.4,-12.3,1019.2,,1030.1,,.4,,1.05,,,,6,6,Sc,16,2000,,,2.5,,-.4,-1.1,-.5,.8
108,서울,2021-01-04 15:00,0,,,,1.6,,360,,40,,2.4,-12,1019.2,,1030.1,,0,,.58,,,,9,9,Sc,14,2000,,,1.4,,-.2,-.9,-.5,.8
108,서울,2021-01-04 16:00,.2,,,,1.3,,200,,42,,2.6,-11.2,1018.9,,1029.8,,.1,,.39,,,,9,9,Sc,14,2000,,,.5,,-.1,-.8,-.5,.7
108,서울,2021-01-04 17:00,-.3,,,,1.2,,270,,51,,3,-9.2,1018.5,,1029.4,,0,,.2,,,,8,8,Sc,13,2000,,,-.2,,0,-.7,-.5,.7
108,서울,2021-01-04 18:00,-.9,,,,1,,50,,52,,3,-9.5,1018.1,,1029.1,,0,,.03,,,,7,7,Sc,11,2000,,,-.7,,0,-.7,-.4,.7
108,서울,2021-01-04 19:00,-.9,,,,1.8,,70,,49,,2.8,-10.2,1017.8,,1028.8,,,9,,9,,,10,9,,10,2000,,,-.8,,0,-.6,-.4,.7
108,서울,2021-01-04 20:00,-.7,,,,.7,,200,,51,,3,-9.6,1017.8,,1028.7,,,9,,9,,,10,9,,9,2000,,,-.9,,0,-.6,-.4,.7
108,서울,2021-01-04 21:00,-.5,,,,2.3,,90,,57,,3.4,-7.9,1017.4,,1028.3,,,9,,9,,,9,9,Sc,9,2000,,,-.9,,0,-.6,-.4,.8
108,서울,2021-01-04 22:00,-.6,,,9,2.6,,320,,54,,3.2,-8.7,1017.8,,1028.7,,,9,,9,,,9,9,Sc,9,2000,,5,-1,,0,-.6,-.4,.8
108,서울,2021-01-04 23:00,-1.3,,,9,1,,50,,69,,3.8,-6.2,1018,,1029,,,9,,9,0,,9,9,Sc,9,1361,,5,-1.2,,0,-.6,-.4,.8
108,서울,2021-01-05 00:00,-2.1,,0,,2.4,,50,,73,,3.8,-6.2,1018.1,,1029.1,,,9,,9,0,0,9,9,,,1438,,05,-1.5,,0,-.6,-.4,.8
108,서울,2021-01-05 01:00,-2.5,,,9,.5,,110,,75,,3.8,-6.3,1018.3,,1029.3,,,9,,9,0,,9,9,Sc,9,1645,,05,-1.6,,0,-.6,-.4,.8
108,서울,2021-01-05 02:00,-2.5,,,9,1.4,,340,,77,,3.9,-5.9,1018.3,,1029.3,,,9,,9,0,,9,9,Sc,9,1759,,05,-1.7,,-.1,-.6,-.4,.8
108,서울,2021-01-05 03:00,-2.5,,0,,1,,250,,76,,3.9,-6.1,1017.9,,1028.9,,,9,,9,0,0,9,9,Sc,12,1642,,05,-2.1,,-.1,-.6,-.4,.8
108,서울,2021-01-05 04:00,-2.7,,,9,2.2,,290,,78,,3.9,-6,1018,,1029,,,9,,9,0,,9,9,Sc,12,1564,,05,-2.5,,-.1,-.6,-.4,.8
108,서울,2021-01-05 05:00,-3.9,,,9,2.7,,320,,82,,3.8,-6.5,1018.2,,1029.3,,,9,,9,0,,4,4,Sc,11,1530,,05,-3.7,,-.2,-.7,-.4,.8
108,서울,2021-01-05 06:00,-4.2,,0,,3.7,,320,,80,,3.6,-7.1,1018.6,,1029.7,,,9,,9,0,,8,8,Sc,14,1953,,05,-3.4,,-.3,-.7,-.4,.8
108,서울,2021-01-05 07:00,-4.8,,,9,2.5,,290,,77,,3.3,-8.2,1019.7,,1030.8,,,9,,9,0,,3,3,Sc,16,2000,,05,-4.3,,-.4,-.8,-.4,.8
108,서울,2021-01-05 08:00,-5.6,,,9,3.1,,270,,75,,3,-9.3,1020.8,,1032,,0,,.01,,0,,3,3,Sc,7,2000,,,-4.9,,-.5,-.9,-.4,.8
108,서울,2021-01-05 09:00,-5.8,,0,,3.3,,320,,67,,2.7,-10.9,1021.4,,1032.6,,.8,,.28,,0,,0,0,,,2000,,,-4.6,,-.7,-.9,-.4,.8
108,서울,2021-01-05 10:00,-5.2,,,9,3.9,,290,,46,,1.9,-15,1021.6,,1032.8,,1,,.82,,0,,0,0,,,2000,,,-3.2,,-.7,-1,-.4,.8
108,서울,2021-01-05 11:00,-4.6,,,9,4.4,,290,,36,,1.6,-17.4,1021.7,,1032.9,,1,,1.45,,0,,2,0,Ci,,2000,,,-.3,,-.7,-1,-.4,.8
108,서울,2021-01-05 12:00,-4.6,,,9,4.4,,290,,33,,1.4,-18.4,1020.8,,1031.9,,1,,1.82,,,,1,0,Ci,,2000,,,2.5,,-.6,-1,-.4,.8
108,서울,2021-01-05 13:00,-4.1,,,9,4.8,,290,,34,,1.5,-17.6,1019.7,,1030.8,,1,,1.98,,,,1,0,Ci,,2000,,,3.3,,-.5,-1,-.4,.7
108,서울,2021-01-05 14:00,-4.2,,,9,4.3,,290,,33,,1.5,-18.1,1018.8,,1029.9,,.9,,1.69,,,,2,0,Ci,,2000,,,2.7,,-.4,-.9,-.4,.7
108,서울,2021-01-05 15:00,-3.8,,,9,4.2,,250,,35,,1.6,-17,1018.7,,1029.8,,.7,,.74,,,,3,0,Ci,,2000,,,.7,,-.3,-.8,-.4,.7
108,서울,2021-01-05 16:00,-3.6,,,9,3.3,,290,,33,,1.6,-17.5,1018.4,,1029.5,,1,,1.15,,,,0,0,,,2000,,,-.7,,-.3,-.8,-.4,.7
108,서울,2021-01-05 17:00,-4.5,,,9,3.6,,270,,31,,1.4,-19.1,1018.1,,1029.2,,1,,.48,,,,0,0,,,2000,,,-2.4,,-.3,-.8,-.4,.7
108,서울,2021-01-05 18:00,-5.7,,,9,2.8,,320,,34,,1.4,-19,1018.4,,1029.6,,.2,,.04,,,,0,0,,,2000,,,-4.1,,-.5,-.9,-.4,.7
108,서울,2021-01-05 19:00,-6.5,,,9,1.9,,290,,39,,1.5,-18.2,1019.3,,1030.5,,,9,,9,,,0,0,,,2000,,,-5.1,,-.7,-1,-.4,.7
108,서울,2021-01-05 20:00,-7.1,,,9,3.6,,340,,41,,1.5,-18.1,1019.3,,1030.5,,,9,,9,,,0,0,,,2000,,,-6,,-.9,-1.1,-.4,.7
108,서울,2021-01-05 21:00,-7.6,,,9,4.9,,320,,43,,1.5,-18,1019.2,,1030.5,,,9,,9,,,0,0,,,2000,,,-6.7,,-1.1,-1.3,-.4,.7
108,서울,2021-01-05 22:00,-8.5,,,9,2.5,,290,,51,,1.6,-16.8,1018.9,,1030.2,,,9,,9,,,0,0,,,2000,,,-6.8,,-1.3,-1.4,-.4,.7
108,서울,2021-01-05 23:00,-9.5,,,9,.9,,230,,53,,1.6,-17.3,1018.7,,1030,,,9,,9,,,0,0,,,2000,,,-7.3,,-1.5,-1.5,-.4,.7
108,서울,2021-01-06 00:00,-9.9,,,9,1.8,,270,,54,,1.6,-17.4,1018.8,,1030.2,,,9,,9,,,0,0,,,2000,,,-7.7,,-1.7,-1.7,-.5,.7
108,서울,2021-01-06 01:00,-10.3,,,,1.8,,270,,57,,1.6,-17.2,1018.5,,1029.9,,,9,,9,,,0,0,,,2000,,,-8.2,,-1.9,-1.8,-.5,.7
108,서울,2021-01-06 02:00,-10.6,,,,1.9,,270,,57,,1.6,-17.4,1018.4,,1029.8,,,9,,9,,,0,0,,,2000,,,-8.4,,-2.1,-2,-.5,.7
108,서울,2021-01-06 03:00,-11.1,,,,1.7,,290,,61,,1.6,-17.1,1018.5,,1029.9,,,9,,9,,,0,0,,,2000,,,-8.8,,-2.3,-2.1,-.6,.7
108,서울,2021-01-06 04:00,-11.2,,,,1.3,,290,,64,,1.7,-16.6,1017.8,,1029.2,,,9,,9,,,0,0,,,2000,,,-9.1,,-2.4,-2.2,-.6,.7
108,서울,2021-01-06 05:00,-11.6,,,,1.3,,340,,64,,1.6,-17,1017,,1028.4,,,9,,9,,,0,0,,,2000,,,-9.4,,-2.6,-2.3,-.7,.7
108,서울,2021-01-06 06:00,-11.7,,,,.8,,290,,62,,1.6,-17.5,1017,,1028.4,,,9,,9,,,0,0,,,2000,,,-9.5,,-2.7,-2.5,-.7,.7
108,서울,2021-01-06 07:00,-11.9,,,,2.2,,20,,61,,1.5,-17.9,1016.7,,1028.1,,,9,,9,,,0,0,,,2000,,,-9.6,,-2.9,-2.6,-.8,.7
108,서울,2021-01-06 08:00,-11.7,,,,2.4,,20,,64,,1.6,-17.1,1016.6,,1028,,0,,0,,,,0,0,,,2000,,,-9.4,,-2.9,-2.7,-.8,.6
108,서울,2021-01-06 09:00,-10.7,,,,1.4,,50,,62,,1.7,-16.5,1017,,1028.4,,1,,.32,,,,0,0,,,2000,,,-8.6,,-3,-2.7,-.9,.6
108,서울,2021-01-06 10:00,-8.2,,,,1.6,,200,,53,,1.7,-16.1,1017.2,,1028.5,,1,,.84,,,,0,0,,,2000,,,-5.3,,-2.7,-2.7,-1,.6
108,서울,2021-01-06 11:00,-7,,,,2.4,,270,,46,,1.7,-16.6,1016.3,,1027.5,,1,,1.5,,,,0,0,,,2000,,,-.4,,-2.2,-2.5,-1,.6
108,서울,2021-01-06 12:00,-6,,,,2.3,,360,,37,,1.5,-18.3,1014.9,,1026,,1,,1.89,,,,0,0,,,2000,,,3,,-1.8,-2.2,-1,.6
108,서울,2021-01-06 13:00,-4.6,,,,3,,270,,30,,1.3,-19.5,1013.5,,1024.6,,1,,2.04,,,,0,0,,,2000,,,5.1,,-1.5,-1.9,-1,.5
108,서울,2021-01-06 14:00,-3.6,,,,3.1,,270,,26,,1.2,-20.3,1011.6,,1022.6,,1,,1.95,,,,0,0,,,2000,,,4.6,,-1.1,-1.7,-.9,.5
108,서울,2021-01-06 15:00,-2.3,,,,1.9,,230,,26,,1.3,-19.2,1011,,1021.9,,1,,1.64,,,,0,0,,,2000,,,3.1,,-.9,-1.5,-.9,.5
108,서울,2021-01-06 16:00,-2.2,,,,2.9,,200,,25,,1.3,-19.6,1010.5,,1021.4,,1,,1.13,,,,0,0,,,2000,,,-.6,,-.7,-1.4,-.8,.5
108,서울,2021-01-06 17:00,-3.2,,,,2.6,,180,,27,,1.3,-19.5,1009.7,,1020.7,,1,,.44,,,,0,0,,,2000,,,-2.2,,-.7,-1.3,-.8,.5
108,서울,2021-01-06 18:00,-3.7,,,,2.7,,200,,28,,1.3,-19.6,1008.7,,1019.7,,.1,,.03,,,,10,3,ScAs,15,2000,,,-2.4,,-.8,-1.2,-.7,.5
108,서울,2021-01-06 19:00,-4.2,,,9,3.4,,200,,60,,2.7,-10.8,1008.3,,1019.3,,,9,,9,,,10,8,ScAs,10,993,,05,-2.5,,-.8,-1.3,-.7,.5
108,서울,2021-01-06 20:00,-5.5,,,9,1.7,,160,,87,,3.5,-7.3,1007,,1018,,,9,,9,2.3,,10,9,StNs,2,33,,05,-2,,-.8,-1.2,-.7,.5
108,서울,2021-01-06 21:00,-5.1,,2.2,,2,,230,,89,,3.7,-6.6,1006.7,,1017.7,,,9,,9,3.8,3.8,10,8,ScAs,6,124,,05,-1.7,,-.8,-1.2,-.7,.5
108,서울,2021-01-06 22:00,-4.7,,,9,3.5,,250,,77,,3.3,-8.1,1005.8,,1016.8,,,9,,9,3.7,,9,9,Sc,9,1458,,05,-1.8,,-.7,-1.2,-.7,.5
108,서울,2021-01-06 23:00,-5.6,,,9,3.4,,250,,76,,3.1,-9.1,1005.9,,1016.9,,,9,,9,3.7,,9,9,Sc,6,1989,,05,-1.8,,-.7,-1.1,-.7,.5
108,서울,2021-01-07 00:00,-8.3,,.1,,6.4,,290,,72,,2.4,-12.4,1008.6,,1019.8,,,9,,9,3.5,.2,9,9,,,1325,,05,-1.9,,-.7,-1.1,-.6,.5
108,서울,2021-01-07 01:00,-9.6,,,,4.4,,270,,75,,2.2,-13.2,1009.6,,1020.8,,,9,,9,3.3,,8,8,,4,1100,,,-2.1,,-.8,-1.1,-.6,.5
108,서울,2021-01-07 02:00,-11.6,,,,5,,290,,54,,1.4,-19,1011.4,,1022.7,,,9,,9,2.9,,8,4,,21,1715,,,-2.3,,-.9,-1.2,-.6,.5
108,서울,2021-01-07 03:00,-13.2,,,,5.6,,320,,55,,1.2,-20.3,1012.6,,1024,,,9,,9,2.7,,0,0,,,1824,,,-2.6,,-1.1,-1.3,-.6,.5
108,서울,2021-01-07 04:00,-14.3,,,,3.4,,290,,59,,1.2,-20.5,1013,,1024.5,,,9,,9,2.5,,0,0,,,1802,,,-3.1,,-1.3,-1.5,-.7,.5
108,서울,2021-01-07 05:00,-15,,,,5.6,,270,,56,,1.1,-21.8,1013.4,,1024.9,,,9,,9,2.3,,3,3,Sc,10,1592,,,-3.4,,-1.5,-1.6,-.7,.5
108,서울,2021-01-07 06:00,-15.6,,,,5.5,,290,,58,,1.1,-22,1014.3,,1025.8,,,9,,9,2.2,,6,6,Sc,8,1665,,,-3.7,,-1.7,-1.8,-.7,.5
108,서울,2021-01-07 07:00,-16.1,,,,5.3,,270,,55,,1,-23,1015.1,,1026.7,,,9,,9,2.2,,0,0,,,1589,,,-4,,-1.8,-1.9,-.8,.5
108,서울,2021-01-07 08:00,-16.4,,,,4.3,,270,,55,,.9,-23.3,1015.5,,1027.1,,0,,.01,,2.1,,2,2,Sc,10,1700,,,-4.4,,-2,-2,-.8,.5
108,서울,2021-01-07 09:00,-16.2,,,,2.8,,270,,56,,1,-22.9,1016.8,,1028.4,,.8,,.31,,1.9,,1,1,Sc,10,2000,,,-7.8,,-2.1,-2.1,-.9,.5
108,서울,2021-01-07 10:00,-15.3,,,,5.4,,270,,50,,.9,-23.4,1017.5,,1029.1,,1,,.92,,1.6,,0,0,,,2000,,,-7.1,,-2.1,-2.2,-.9,.5
108,서울,2021-01-07 11:00,-14.8,,,,,9,,9,48,,.9,-23.3,1016.9,,1028.5,,,9,,9,1.4,,0,0,,,2000,,,-4.6,,-2.1,-2.3,-1,.5
108,서울,2021-01-07 12:00,-13.8,,,,,9,,9,45,,.9,-23.2,1016.4,,1027.9,,,9,,9,1.4,,0,0,,,2000,,,-2.6,,-2.1,-2.3,-1,.4
108,서울,2021-01-07 13:00,-13.1,,,,4.2,,290,,42,,.9,-23.3,1015.6,,1027.1,,,9,,9,1.3,,0,0,,,2000,,,-1.7,,-2,-2.2,-1,.4
108,서울,2021-01-07 14:00,-12.4,,,,4.4,,290,,40,,.9,-23.2,1015.5,,1026.9,,1,,2.03,,1.3,,0,0,,,2000,,,-2.1,,-1.8,-2.2,-1,.4
108,서울,2021-01-07 15:00,-12.4,,,,4.8,,290,,38,,.9,-23.8,1015.6,,1027,,1,,1.72,,1.1,,0,0,,,2000,,,-3.7,,-1.8,-2.1,-1,.4
108,서울,2021-01-07 16:00,-12.3,,,,4.6,,290,,37,,.9,-24,1015.8,,1027.2,,1,,1.2,,1.1,,0,0,,,2000,,,-5.1,,-1.8,-2.1,-1,.4
108,서울,2021-01-07 17:00,-13,,,,4.5,,270,,38,,.9,-24.3,1016.1,,1027.6,,1,,.53,,1.1,,0,0,,,2000,,,-7.3,,-1.9,-2.1,-1,.4
108,서울,2021-01-07 18:00,-13.7,,,,1.6,,340,,45,,1,-23.1,1015.7,,1027.2,,.2,,.06,,1.1,,0,0,,,2000,,,-8.9,,-2,-2.2,-1,.4
108,서울,2021-01-07 19:00,-14.2,,,,2.1,,290,,46,,.9,-23.3,1016.1,,1027.6,,,9,,9,1.1,,0,0,,,1876,,,-9.6,,-2.2,-2.3,-1.1,.4
108,서울,2021-01-07 20:00,-14.6,,,,1.4,,340,,47,,.9,-23.4,1016,,1027.5,,,9,,9,1.1,,0,0,,,2000,,,-10,,-2.4,-2.4,-1.1,.4
108,서울,2021-01-07 21:00,-14.9,,,,2.9,,270,,50,,1,-23,1015.7,,1027.2,,,9,,9,1.1,,0,0,,,2000,,,-10.4,,-2.5,-2.5,-1.2,.4
108,서울,2021-01-07 22:00,-15.3,,,,2.5,,270,,54,,1,-22.5,1015.6,,1027.1,,,9,,9,1.1,,0,0,,,1971,,,-10.7,,-2.6,-2.7,-1.2,.4
108,서울,2021-01-07 23:00,-15.5,,,,3.3,,340,,54,,1,-22.7,1015.2,,1026.8,,,9,,9,1.1,,0,0,,,2000,,,-11,,-2.8,-2.8,-1.3,.3
108,서울,2021-01-08 00:00,-15.9,,,,2.5,,320,,52,,.9,-23.5,1015.3,,1026.9,,,9,,9,1.1,,0,0,,,2000,,,-11.3,,-3,-2.9,-1.3,.3
108,서울,2021-01-08 01:00,-16.5,,,,1.9,,290,,50,,.8,-24.5,1015,,1026.6,,,9,,9,1.1,,0,0,,,1992,,,-11.5,,-3.1,-3,-1.4,.3
108,서울,2021-01-08 02:00,-16.9,,,,2.4,,290,,52,,.9,-24.4,1015.4,,1027,,,9,,9,1.1,,0,0,,,1926,,,-11.8,,-3.2,-3.1,-1.4,.3
108,서울,2021-01-08 03:00,-17.2,,,,3.8,,270,,47,,.8,-25.8,1015.5,,1027.1,,,9,,9,1.1,,0,0,,,1787,,,-12.1,,-3.3,-3.2,-1.5,.3
108,서울,2021-01-08 04:00,-17.5,,,,3,,270,,47,,.7,-26.1,1015.6,,1027.3,,,9,,9,1.1,,0,0,,,1745,,,-12.3,,-3.5,-3.3,-1.6,.3
108,서울,2021-01-08 05:00,-17.8,,,,2.9,,270,,47,,.7,-26.4,1015.8,,1027.5,,,9,,9,1.1,,0,0,,,1761,,,-12.5,,-3.6,-3.4,-1.7,.2
108,서울,2021-01-08 06:00,-17.8,,,,3.7,,290,,47,,.7,-26.4,1015.7,,1027.4,,,9,,9,1.1,,0,0,,,1779,,,-12.7,,-3.7,-3.6,-1.7,.2
108,서울,2021-01-08 07:00,-18.2,,,,1.9,,270,,46,,.7,-27,1015.5,,1027.2,,,9,,9,1.1,,0,0,,,1839,,,-12.7,,-3.9,-3.7,-1.8,.2
108,서울,2021-01-08 08:00,-18.5,,,,2.1,,270,,49,,.7,-26.6,1015.6,,1027.3,,0,,.01,,1.1,,0,0,,,1811,,,-12.7,,-4,-3.8,-1.9,.2
108,서울,2021-01-08 09:00,-17.9,,,,1.9,,290,,46,,.7,-26.7,1015.7,,1027.4,,1,,.35,,1.1,,0,0,,,2000,,,-11.7,,-4.1,-3.9,-2,.2
108,서울,2021-01-08 10:00,-15.6,,,,3.4,,250,,39,,.7,-26.4,1015.8,,1027.4,,1,,.92,,1.1,,0,0,,,2000,,,-8.8,,-3.9,-3.9,-2,.1
108,서울,2021-01-08 11:00,-14.5,,,,2.3,,290,,38,,.8,-25.7,1015.1,,1026.6,,1,,1.55,,1.1,,0,0,,,2000,,,-3.6,,-3.6,-3.7,-2.1,.1
108,서울,2021-01-08 12:00,-13.4,,,,3.2,,290,,37,,.8,-25,1014.3,,1025.8,,1,,1.92,,1.1,,0,0,,,2000,,,-1.2,,-3.4,-3.6,-2.1,.1
108,서울,2021-01-08 13:00,-12.2,,,,3.8,,270,,38,,.9,-23.6,1012.9,,1024.3,,1,,2.09,,1,,0,0,,,2000,,,-.1,,-3.1,-3.4,-2,.1
108,서울,2021-01-08 14:00,-11.6,,,,3.9,,290,,36,,.9,-23.7,1012.1,,1023.4,,1,,2.02,,1,,0,0,,,2000,,,-.7,,-2.9,-3.2,-2,0
108,서울,2021-01-08 15:00,-11.2,,,,5.6,,290,,36,,.9,-23.3,1011.6,,1022.9,,1,,1.72,,1,,0,0,,,2000,,,-2.9,,-2.8,-3.1,-1.9,0
108,서울,2021-01-08 16:00,-11.3,,,,5.8,,290,,35,,.9,-23.7,1011.7,,1023,,1,,1.21,,1,,0,0,,,2000,,,-5.2,,-2.7,-3,-1.8,0
108,서울,2021-01-08 17:00,-11.7,,,,2.7,,270,,39,,1,-22.9,1011.8,,1023.1,,1,,.53,,1,,0,0,,,2000,,,-7.3,,-2.7,-2.9,-1.8,0
108,서울,2021-01-08 18:00,-12.6,,,,3,,290,,41,,1,-23.1,1012.2,,1023.6,,.2,,.06,,1,,0,0,,,2000,,,-9,,-2.8,-3,-1.7,0
108,서울,2021-01-08 19:00,-13.1,,,,3.4,,270,,42,,.9,-23.3,1012.7,,1024.1,,,9,,9,1,,1,0,,,2000,,,-9.8,,-3,-3.1,-1.7,0
108,서울,2021-01-08 20:00,-13.5,,,,3.3,,270,,47,,1,-22.4,1013,,1024.4,,,9,,9,1,,0,0,,,2000,,,-10.2,,-3.2,-3.2,-1.8,0
108,서울,2021-01-08 21:00,-14.1,,,,3.2,,270,,51,,1.1,-22,1013.6,,1025.1,,,9,,9,1,,0,0,,,2000,,,-10.7,,-3.3,-3.3,-1.9,0
108,서울,2021-01-08 22:00,-14.5,,,,2.7,,290,,54,,1.1,-21.7,1014.1,,1025.6,,,9,,9,1,,0,0,,,2000,,,-11.1,,-3.5,-3.5,-1.9,0
108,서울,2021-01-08 23:00,-15.2,,,,2.9,,20,,55,,1,-22.2,1014.5,,1026,,,9,,9,1,,0,0,,,1953,,,-11.4,,-3.7,-3.6,-2,-.1
108,서울,2021-01-09 00:00,-15.4,,,,3.1,,340,,47,,.9,-24.1,1014.1,,1025.6,,,9,,9,1,,0,0,,,2000,,,-11.8,,-3.9,-3.8,-2.1,-.1
108,서울,2021-01-09 01:00,-15.3,,,,1.9,,50,,44,,.8,-24.8,1013.6,,1025.1,,,9,,9,1,,0,0,,,2000,,,-11.9,,-4,-3.9,-2.2,-.1
108,서울,2021-01-09 02:00,-15.1,,,,1.9,,20,,47,,.9,-23.9,1013.9,,1025.4,,,9,,9,1,,0,0,,,2000,,,-12,,-4.1,-4,-2.3,-.1
108,서울,2021-01-09 03:00,-14.8,,,,2.6,,320,,42,,.8,-24.8,1013.9,,1025.4,,,9,,9,1,,0,0,,,2000,,,-12.1,,-4.2,-4.1,-2.3,-.1
108,서울,2021-01-09 04:00,-15.7,,,,1.4,,270,,43,,.8,-25.4,1013.3,,1024.8,,,9,,9,1,,0,0,,,2000,,,-12.3,,-4.3,-4.2,-2.4,-.1
108,서울,2021-01-09 05:00,-16,,,,1.2,,270,,48,,.8,-24.5,1013.5,,1025.1,,,9,,9,1,,0,0,,,2000,,,-12.5,,-4.4,-4.2,-2.5,-.2
108,서울,2021-01-09 06:00,-16.4,,,,1.1,,340,,50,,.9,-24.4,1013.5,,1025.1,,,9,,9,1,,0,0,,,1995,,,-12.6,,-4.5,-4.3,-2.5,-.2
108,서울,2021-01-09 07:00,-16.3,,,,1,,290,,48,,.8,-24.7,1013.1,,1024.7,,,9,,9,1,,0,0,,,1989,,,-12.6,,-4.6,-4.4,-2.6,-.2
108,서울,2021-01-09 08:00,-16.2,,,,1.5,,360,,51,,.9,-24,1013.2,,1024.8,,0,,0,,1,,0,0,,,2000,,,-12.5,,-4.7,-4.5,-2.7,-.2
108,서울,2021-01-09 09:00,-15.2,,,,.6,,230,,50,,.9,-23.3,1013.9,,1025.4,,.9,,.32,,1,,0,0,,,2000,,,-11,,-4.7,-4.6,-2.7,-.3
108,서울,2021-01-09 10:00,-12.5,,,,1,,70,,45,,1.1,-22,1014.2,,1025.6,,1,,.85,,.9,,1,0,Ci,,2000,,,-7.5,,-4.4,-4.5,-2.8,-.3
108,서울,2021-01-09 11:00,-11,,,,3.3,,270,,37,,1,-22.8,1014.3,,1025.6,,.9,,1.27,,.9,,4,4,Sc,15,2000,,,-4,,-3.9,-4.2,-2.8,-.3
108,서울,2021-01-09 12:00,-10.1,,,,3.8,,290,,37,,1.1,-22,1013.7,,1025,,1,,1.82,,.8,,6,2,ScCi,13,2000,,,.4,,-3.6,-3.9,-2.7,-.4
108,서울,2021-01-09 13:00,-9.3,,,,4.1,,290,,37,,1.1,-21.3,1012.9,,1024.2,,1,,1.99,,.8,,1,1,Sc,16,2000,,,1.5,,-3.2,-3.7,-2.6,-.4
108,서울,2021-01-09 14:00,-8.7,,,,5.8,,270,,38,,1.2,-20.4,1012.3,,1023.5,,1,,1.97,,.8,,0,0,,,2000,,,1.1,,-3,-3.4,-2.5,-.4
108,서울,2021-01-09 15:00,-8.2,,,,3.4,,270,,38,,1.3,-20,1012.3,,1023.5,,1,,1.65,,.7,,0,0,,,2000,,,-1,,-2.8,-3.2,-2.3,-.4
108,서울,2021-01-09 16:00,-7.7,,,,3.9,,270,,39,,1.3,-19.2,1012.2,,1023.4,,1,,1.15,,.7,,0,0,,,2000,,,-3.6,,-2.6,-3,-2.2,-.4
108,서울,2021-01-09 17:00,-8.9,,,,5.4,,270,,40,,1.3,-20,1012.6,,1023.8,,1,,.51,,.7,,0,0,,,2000,,,-6.2,,-2.6,-2.9,-2.1,-.4
108,서울,2021-01-09 18:00,-9.7,,,,3.1,,270,,43,,1.3,-19.9,1013.2,,1024.5,,.2,,.06,,.7,,0,0,,,2000,,,-7.9,,-2.7,-3,-2,-.4
108,서울,2021-01-09 19:00,-10.2,,,,4.2,,270,,44,,1.2,-20.1,1014,,1025.3,,,9,,9,.7,,0,0,,,2000,,,-8.7,,-2.9,-3,-2,-.4
108,서울,2021-01-09 20:00,-10.7,,,,2.1,,290,,48,,1.3,-19.6,1015,,1026.3,,,9,,9,.7,,0,0,,,2000,,,-9.2,,-3.1,-3.2,-2,-.4
108,서울,2021-01-09 21:00,-10.9,,,,2.9,,270,,53,,1.4,-18.6,1015.2,,1026.5,,,9,,9,.7,,0,0,,,2000,,,-9.6,,-3.2,-3.3,-2.1,-.4
108,서울,2021-01-09 22:00,-11.2,,,,2.3,,320,,55,,1.4,-18.4,1015.8,,1027.2,,,9,,9,.7,,4,0,,,2000,,,-10,,-3.3,-3.4,-2.1,-.4
108,서울,2021-01-09 23:00,-11.7,,,,1.8,,360,,56,,1.4,-18.7,1015.9,,1027.3,,,9,,9,.7,,0,0,,,2000,,,-10.4,,-3.5,-3.5,-2.2,-.4
108,서울,2021-01-10 00:00,-12.2,,,,1.7,,360,,57,,1.4,-18.9,1016,,1027.4,,,9,,9,.7,,0,0,,,2000,,,-10.8,,-3.7,-3.7,-2.3,-.4
108,서울,2021-01-10 01:00,-12.4,,,,1.4,,20,,57,,1.4,-19.1,1015.9,,1027.3,,,9,,9,.7,,1,0,,,2000,,,-11,,-3.8,-3.8,-2.4,-.5
108,서울,2021-01-10 02:00,-12.3,,,,1.4,,360,,55,,1.3,-19.5,1016.1,,1027.5,,,9,,9,.7,,0,0,,,2000,,,-11.1,,-4,-3.9,-2.5,-.5
108,서울,2021-01-10 03:00,-12.2,,,,1.5,,360,,55,,1.3,-19.4,1016.5,,1027.9,,,9,,9,.7,,0,0,,,2000,,,-11.1,,-4.1,-4,-2.6,-.5
108,서울,2021-01-10 04:00,-12.5,,,,.9,,320,,58,,1.4,-19,1016.4,,1027.8,,,9,,9,.7,,0,0,,,2000,,,-11.3,,-4.2,-4.1,-2.6,-.5
108,서울,2021-01-10 05:00,-12.5,,,,.6,,320,,63,,1.5,-18.1,1016.5,,1027.9,,,9,,9,.7,,0,0,,,2000,,,-11.4,,-4.3,-4.2,-2.7,-.6
108,서울,2021-01-10 06:00,-12.6,,,,1,,290,,65,,1.5,-17.8,1016.4,,1027.8,,,9,,9,.7,,0,0,,,2000,,,-11.6,,-4.4,-4.3,-2.8,-.6
108,서울,2021-01-10 07:00,-12.7,,,,1,,290,,67,,1.6,-17.5,1016.8,,1028.3,,,9,,9,.7,,0,0,,,2000,,,-11.7,,-4.5,-4.4,-2.8,-.6
108,서울,2021-01-10 08:00,-12.6,,,,.3,,0,,68,,1.6,-17.2,1016.9,,1028.3,,0,,0,,.7,,0,0,,,2000,,,-11.6,,-4.6,-4.5,-2.9,-.6
108,서울,2021-01-10 09:00,-12.2,,,,2.4,,50,,69,,1.7,-16.7,1017.9,,1029.3,,.9,,.32,,.7,,0,0,,,2000,,,-10,,-4.6,-4.5,-3,-.7
108,서울,2021-01-10 10:00,-9.7,,,,1.1,,70,,63,,1.8,-15.4,1017.8,,1029.1,,1,,.88,,.7,,0,0,,,2000,,,-6.5,,-4.3,-4.5,-3,-.7
108,서울,2021-01-10 11:00,-7.3,,,,1.7,,90,,51,,1.8,-15.7,1017.7,,1028.9,,1,,1.45,,.7,,0,0,,,2000,,,-.4,,-3.8,-4.2,-3,-.7
108,서울,2021-01-10 12:00,-6,,,,1.3,,70,,46,,1.8,-15.7,1016.9,,1028.1,,1,,1.82,,.6,,0,0,,,2000,,,2.8,,-3.3,-3.8,-2.9,-.8
108,서울,2021-01-10 13:00,-3.8,,,,1.2,,160,,41,,1.9,-15.1,1016.1,,1027.2,,1,,1.96,,.6,,0,0,,,2000,,,5.1,,-2.8,-3.5,-2.7,-.8
108,서울,2021-01-10 14:00,-2.8,,,,1.5,,200,,39,,1.9,-14.8,1015.3,,1026.3,,.9,,1.53,,.5,,7,7,Sc,16,2000,,,2.1,,-2.3,-3.1,-2.6,-.8
108,서울,2021-01-10 15:00,-3.2,,,,1.3,,110,,38,,1.8,-15.5,1015.3,,1026.3,,.2,,1,,.5,,9,4,ScCi,15,2000,,,1.6,,-1.9,-2.7,-2.4,-.8
108,서울,2021-01-10 16:00,-3.3,,,,1.9,,160,,40,,1.9,-15,1015.4,,1026.4,,.2,,.59,,.4,,7,3,ScCi,13,2000,,,-.4,,-1.6,-2.4,-2.2,-.7
108,서울,2021-01-10 17:00,-3.6,,,,1.5,,160,,45,,2.1,-13.8,1015.9,,1027,,0,,.25,,.4,,7,7,Sc,15,2000,,,-1.9,,-1.5,-2.2,-2,-.7
108,서울,2021-01-10 18:00,-4.2,,,,.5,,20,,45,,2,-14.3,1016.4,,1027.5,,0,,.04,,.4,,8,8,Sc,15,2000,,,-3.1,,-1.5,-2.1,-1.9,-.6
108,서울,2021-01-10 19:00,-4.4,,,,.9,,320,,48,,2.1,-13.7,1017,,1028.1,,,9,,9,.4,,8,8,,15,2000,,,-3.5,,-1.5,-2.1,-1.8,-.6
108,서울,2021-01-10 20:00,-4.6,,,,.9,,230,,51,,2.2,-13.2,1017.5,,1028.6,,,9,,9,.4,,8,4,,16,2000,,,-4.2,,-1.6,-2.1,-1.7,-.6
108,서울,2021-01-10 21:00,-4.8,,,,1.2,,250,,53,,2.3,-12.9,1017.8,,1028.9,,,9,,9,.4,,7,7,Sc,14,2000,,,-5.1,,-1.6,-2.1,-1.6,-.5
108,서울,2021-01-10 22:00,-5.4,,,,1.9,,290,,58,,2.4,-12.3,1017.8,,1028.9,,,9,,9,.4,,0,0,,,2000,,,-6.7,,-1.8,-2.2,-1.6,-.5
108,서울,2021-01-10 23:00,-6.3,,,,1,,290,,57,,2.2,-13.4,1018.6,,1029.8,,,9,,9,.4,,3,0,,,2000,,,-7.5,,-2,-2.3,-1.6,-.5
108,서울,2021-01-11 00:00,-6.6,,,,2.5,,320,,64,,2.4,-12.2,1018.9,,1030.1,,,9,,9,.4,,0,0,,,2000,,,-7.8,,-2.2,-2.4,-1.7,-.5
108,서울,2021-01-11 01:00,-7.1,,,,2.6,,290,,66,,2.4,-12.3,1018.8,,1030,,,9,,9,.4,,0,0,,,1663,,,-8.2,,-2.4,-2.6,-1.7,-.5
108,서울,2021-01-11 02:00,-7.9,,,,2.8,,270,,69,,2.3,-12.6,1019.4,,1030.7,,,9,,9,.4,,3,0,,,1644,,,-8.4,,-2.5,-2.7,-1.8,-.5
108,서울,2021-01-11 03:00,-8.5,,,,1.2,,70,,67,,2.2,-13.5,1018.9,,1030.2,,,9,,9,.4,,0,0,,,1827,,,-9,,-2.7,-2.8,-1.9,-.5
108,서울,2021-01-11 04:00,-9.1,,,,1.3,,50,,67,,2.1,-14.1,1018.3,,1029.6,,,9,,9,.4,,0,0,,,1998,,,-9.5,,-2.9,-3,-1.9,-.5
108,서울,2021-01-11 05:00,-9.5,,,,1.1,,50,,69,,2.1,-14.1,1018,,1029.3,,,9,,9,.4,,3,0,Ci,,1991,,,-9.6,,-3.1,-3.1,-2,-.6
108,서울,2021-01-11 06:00,-9.5,,,,1.5,,360,,71,,2.1,-13.7,1018.2,,1029.5,,,9,,9,.4,,6,0,Ci,,1861,,,-9.4,,-3.2,-3.3,-2.1,-.6
108,서울,2021-01-11 07:00,-9.1,,,,.9,,320,,72,,2.2,-13.2,1018.4,,1029.7,,,9,,9,.4,,8,0,Ci,,1902,,,-8.4,,-3.3,-3.4,-2.2,-.6
108,서울,2021-01-11 08:00,-8.8,,,,1.5,,20,,68,,2.1,-13.6,1018.2,,1029.5,,0,,0,,.4,,8,0,Ci,,1979,,,-8.2,,-3.3,-3.4,-2.3,-.7
108,서울,2021-01-11 09:00,-8.4,,,,3,,50,,71,,2.3,-12.7,1017.6,,1028.9,,0,,.13,,.4,,10,0,Ci,,1881,,,-6.5,,-3.3,-3.4,-2.4,-.7
108,서울,2021-01-11 10:00,-7.7,,,,2.3,,20,,71,,2.4,-12,1018.2,,1029.4,,0,,.29,,.4,,10,0,Cs,,1660,,,-4.7,,-3.1,-3.4,-2.4,-.7
108,서울,2021-01-11 11:00,-6.7,,,,2.4,,50,,68,,2.5,-11.6,1018.3,,1029.5,,0,,.47,,.4,,10,0,Cs,,1679,,,-3.1,,-2.9,-3.2,-2.4,-.7
108,서울,2021-01-11 12:00,-6.1,,,,2.6,,50,,63,,2.4,-12,1017.1,,1028.3,,0,,.55,,.4,,10,0,Cs,,1821,,,-2.2,,-2.6,-3,-2.4,-.7
108,서울,2021-01-11 13:00,-5,,,,2.7,,50,,58,,2.4,-12,1015.9,,1027,,0,,.84,,.4,,10,0,Cs,,1959,,,.2,,-2.3,-2.8,-2.3,-.7
108,서울,2021-01-11 14:00,-4.3,,,,2.2,,70,,54,,2.4,-12.2,1014.6,,1025.7,,0,,.88,,.4,,10,0,Cs,,2000,,,.3,,-2,-2.6,-2.2,-.7
108,서울,2021-01-11 15:00,-4.1,,,,2.1,,50,,51,,2.3,-12.7,1013.8,,1024.9,,0,,.56,,.4,,10,3,AcCs,36,2000,,,-.2,,-1.7,-2.4,-2.1,-.7
108,서울,2021-01-11 16:00,-4.1,,,,2.1,,50,,52,,2.3,-12.5,1013.3,,1024.3,,0,,.46,,.3,,10,2,AcCs,34,2000,,,-1.4,,-1.5,-2.2,-1.9,-.7
108,서울,2021-01-11 17:00,-4.2,,,,1.7,,50,,51,,2.3,-12.8,1013,,1024,,0,,.24,,.3,,10,0,Cs,,2000,,,-2.6,,-1.5,-2.1,-1.8,-.7
108,서울,2021-01-11 18:00,-5.1,,,,2.1,,50,,53,,2.2,-13.2,1013.1,,1024.2,,0,,.05,,.3,,7,2,AcCi,32,2000,,,-5.6,,-1.6,-2.1,-1.7,-.6
108,서울,2021-01-11 19:00,-5.4,,,,1.3,,320,,54,,2.2,-13.2,1013.3,,1024.4,,,9,,9,.3,,9,9,,28,2000,,,-6,,-1.8,-2.1,-1.7,-.6
108,서울,2021-01-11 20:00,-5.7,,,,1.4,,50,,55,,2.2,-13.3,1013.5,,1024.6,,,9,,9,.3,,8,4,,13,2000,,,-6.2,,-1.9,-2.2,-1.7,-.6
108,서울,2021-01-11 21:00,-5.9,,,,1.3,,20,,58,,2.3,-12.8,1013.2,,1024.3,,,9,,9,.3,,5,1,ScAc,10,2000,,,-6.5,,-2.1,-2.4,-1.7,-.6
108,서울,2021-01-11 22:00,-6.6,,,,2.3,,20,,61,,2.3,-12.8,1012.6,,1023.7,,,9,,9,.3,,5,1,,22,2000,,,-7.4,,-2.2,-2.5,-1.7,-.6
108,서울,2021-01-11 23:00,-6.7,,,,.7,,340,,62,,2.3,-12.7,1012.3,,1023.4,,,9,,9,.3,,9,9,,16,2000,,,-7.1,,-2.4,-2.6,-1.8,-.6
108,서울,2021-01-12 00:00,-6.1,,,,1.9,,360,,63,,2.4,-12,1011.9,,1023,,,9,,9,.3,,7,7,,,2000,,,-6.1,,-2.4,-2.7,-1.8,-.6
108,서울,2021-01-12 01:00,-6.3,,,,1.1,,20,,63,,2.4,-12.2,1011.2,,1022.3,,,9,,9,.3,,5,2,,14,2000,,,-7.7,,-2.4,-2.7,-1.9,-.6
108,서울,2021-01-12 02:00,-7.5,,,,2,,50,,68,,2.4,-12.3,1010.9,,1022.1,,,9,,9,.3,,0,0,,,1818,,,-8.4,,-2.6,-2.8,-1.9,-.6
108,서울,2021-01-12 03:00,-8.2,,,,2.4,,20,,71,,2.3,-12.5,1010.4,,1021.6,,,9,,9,.3,,0,0,,,1525,,,-8.8,,-2.8,-2.9,-2,-.6
108,서울,2021-01-12 04:00,-8.6,,,,2.3,,20,,73,,2.3,-12.5,1009.9,,1021.1,,,9,,9,.3,,0,0,,,1497,,,-9,,-2.9,-3,-2.1,-.6
108,서울,2021-01-12 05:00,-8.9,,,,2.1,,50,,73,,2.3,-12.8,1009.3,,1020.5,,,9,,9,.3,,0,0,,,1506,,,-9.3,,-3.1,-3.2,-2.1,-.7
108,서울,2021-01-12 06:00,-9.1,,,,2.5,,50,,76,,2.3,-12.5,1008.9,,1020.1,,,9,,9,.3,,0,0,,,1411,,,-9.3,,-3.2,-3.3,-2.2,-.7
108,서울,2021-01-12 07:00,-9.3,,,,2.4,,20,,77,,2.3,-12.5,1008.9,,1020.1,,,9,,9,.3,,0,0,,,1377,,,-9.4,,-3.4,-3.4,-2.3,-.7
108,서울,2021-01-12 08:00,-9.1,,,,2.8,,50,,78,,2.4,-12.2,1008.9,,1020.1,,0,,0,,.3,,5,5,Sc,13,1310,,,-8.8,,-3.5,-3.5,-2.4,-.7
108,서울,2021-01-12 09:00,-7.7,,,,3,,50,,76,,2.6,-11.2,1008.9,,1020,,.1,,.21,,.3,,8,8,Sc,10,1368,,,-5.8,,-3.4,-3.6,-2.5,-.8
108,서울,2021-01-12 10:00,-5.6,,,,2.3,,50,,69,,2.8,-10.3,1008.8,,1019.8,,.8,,.72,,.3,,5,5,Sc,9,1423,,,-3.5,,-3.1,-3.4,-2.5,-.8
108,서울,2021-01-12 11:00,-3.9,,,,1.6,,90,,66,,3,-9.3,1008.5,,1019.5,,1,,1.26,,.3,,6,6,Sc,18,1382,,,1.6,,-2.7,-3.2,-2.5,-.8
108,서울,2021-01-12 12:00,-1.9,,,,2.7,,50,,63,,3.3,-8,1007.3,,1018.2,,1,,1.73,,.3,,7,2,ScAc,18,1455,,,4.9,,-2.2,-2.9,-2.4,-.8
108,서울,2021-01-12 13:00,-1,,,,1.3,,70,,61,,3.5,-7.5,1006.2,,1017,,.7,,1.24,,.2,,8,8,Sc,13,1459,,,1.8,,-1.8,-2.6,-2.3,-.8
108,서울,2021-01-12 14:00,-.7,,,9,1,,140,,65,,3.8,-6.4,1005.4,,1016.2,,0,,.5,,.2,,9,9,Sc,7,1552,,05,.5,,-1.4,-2.3,-2.1,-.8
108,서울,2021-01-12 15:00,-.8,,.1,,2.4,,50,,74,,4.3,-4.8,1004.7,,1015.5,,0,,.36,,.2,.1,9,9,Sc,6,488,,05,-.1,,-1.2,-2,-1.9,-.8
108,서울,2021-01-12 16:00,-1.5,,,9,.8,,20,,88,,4.8,-3.2,1004.6,,1015.4,,0,,.08,,2.1,,9,9,Sc,6,34,,05,-.9,,-1.1,-1.9,-1.8,-.7
108,서울,2021-01-12 17:00,-1.1,,,9,1,,230,,91,,5.2,-2.3,1004.4,,1015.2,,0,,.02,,4.6,,10,8,ScAs,6,133,,05,-1,,-1,-1.7,-1.7,-.7
108,서울,2021-01-12 18:00,-.8,,2.3,,1.6,,200,,91,,5.3,-2,1004.7,,1015.5,,0,,.01,,4.6,4.4,10,8,ScAs,5,430,,05,-1.2,,-.9,-1.7,-1.6,-.6
108,서울,2021-01-12 19:00,-1.3,,,9,2.2,,50,,91,,5.1,-2.5,1004.9,,1015.7,,,9,,9,4.8,,10,4,ScAs,6,201,,05,-1.4,,-.9,-1.6,-1.5,-.6
108,서울,2021-01-12 20:00,-1.2,,,9,2.2,,20,,93,,5.2,-2.1,1005,,1015.8,,,9,,9,5.1,,10,8,ScAs,2,164,,05,-1.4,,-.8,-1.5,-1.5,-.6
108,서울,2021-01-12 21:00,-.9,,.2,,.2,,0,,92,,5.3,-2,1005.2,,1016,,,9,,9,5.1,.5,8,8,Sc,2,561,,1905,-1.6,,-.8,-1.5,-1.4,-.6
108,서울,2021-01-12 22:00,-1.5,,,9,1.6,,50,,92,,5,-2.6,1005.2,,1016,,,9,,9,5.1,,10,9,,2,196,,19,-1.6,,-.8,-1.5,-1.4,-.5
108,서울,2021-01-12 23:00,-1.8,,,9,1.1,,20,,93,,5,-2.7,1005.4,,1016.3,,,9,,9,5.1,,8,6,,2,223,,19,-1.9,,-.8,-1.4,-1.3,-.5
108,서울,2021-01-13 00:00,-2,,0,,1.9,,20,,93,,4.9,-2.9,1005,,1015.9,,,9,,9,5,,7,7,,,202,,1905,-1.9,,-.8,-1.4,-1.3,-.5
108,서울,2021-01-13 01:00,-2.1,,,9,2.2,,50,,95,,5,-2.7,1004.9,,1015.8,,,9,,9,5,,9,9,Sc,9,262,,1905,-2,,-.8,-1.4,-1.3,-.5
108,서울,2021-01-13 02:00,-2.1,,,9,1.8,,50,,95,,5,-2.7,1004.9,,1015.8,,,9,,9,5,,9,9,Sc,10,264,,1905,-2,,-.8,-1.4,-1.2,-.5
108,서울,2021-01-13 03:00,-2.4,,0,,1.7,,50,,94,,4.8,-3.2,1004.8,,1015.7,,,9,,9,5,,4,4,Sc,10,283,,19,-2.1,,-.8,-1.4,-1.2,-.5
108,서울,2021-01-13 04:00,-2.8,,,9,2.3,,50,,94,,4.7,-3.6,1004.3,,1015.2,,,9,,9,5,,4,4,Sc,13,287,,19,-2.3,,-.9,-1.4,-1.2,-.4
108,서울,2021-01-13 05:00,-2.9,,,9,2,,70,,94,,4.6,-3.7,1004.1,,1015,,,9,,9,4.9,,4,4,Sc,14,382,,19,-2.3,,-.9,-1.4,-1.2,-.4
108,서울,2021-01-13 06:00,-2.7,,,9,1.7,,50,,94,,4.7,-3.5,1004,,1014.9,,,9,,9,4.9,,3,3,Sc,14,467,,19,-2.2,,-.9,-1.4,-1.2,-.4
108,서울,2021-01-13 07:00,-3,,,9,2.5,,50,,94,,4.6,-3.8,1003.8,,1014.7,,,9,,9,4.9,,1,1,Sc,14,403,,19,-2.3,,-.9,-1.4,-1.2,-.4
108,서울,2021-01-13 08:00,-2.9,,,9,2.5,,50,,93,,4.6,-3.8,1004,,1014.9,,0,,.01,,4.9,,3,3,Sc,13,500,,19,-2.3,,-.9,-1.4,-1.2,-.4
108,서울,2021-01-13 09:00,-2.1,,,9,2.4,,50,,94,,4.9,-2.9,1004.1,,1015,,0,,.1,,4.6,,9,9,Sc,13,537,,19,-2,,-.9,-1.4,-1.2,-.4
108,서울,2021-01-13 10:00,-.6,,,9,2.2,,50,,91,,5.4,-1.8,1004.6,,1015.4,,.4,,.27,,4.2,,7,7,Sc,10,597,,19,-.7,,-.8,-1.4,-1.2,-.4
108,서울,2021-01-13 11:00,1.4,,,9,2.1,,50,,84,,5.7,-1,1004,,1014.7,,.8,,.82,,3.9,,3,3,Sc,10,694,,19,1.1,,-.7,-1.3,-1.2,-.4
108,서울,2021-01-13 12:00,2.9,,,9,2.2,,50,,77,,5.8,-.7,1003,,1013.6,,1,,1.7,,3.4,,1,1,Sc,9,735,,19,2.1,,-.6,-1.3,-1.1,-.4
108,서울,2021-01-13 13:00,4.4,,,9,2,,50,,75,,6.2,.3,1002.6,,1013.2,,1,,1.63,,2.5,,3,3,Sc,7,871,,19,3.4,,-.4,-1.1,-1.1,-.4
108,서울,2021-01-13 14:00,7.3,,,9,3.3,,200,,66,,6.7,1.3,1001.6,,1012,,1,,1.53,,,,0,0,,,1458,,4219,5.5,,-.3,-1,-1.1,-.4
108,서울,2021-01-13 15:00,8.2,,,9,3.4,,200,,65,,7.1,2,1001.8,,1012.2,,1,,1.26,,,,0,0,,,1446,,42,4.3,,-.1,-.9,-1,-.4
108,서울,2021-01-13 16:00,8,,,9,4.8,,230,,69,,7.4,2.6,1002.3,,1012.7,,.9,,.76,,,,8,8,Sc,8,1476,,42,2.8,,0,-.8,-1,-.4
108,서울,2021-01-13 17:00,7.3,,,9,3.5,,230,,73,,7.4,2.7,1002.9,,1013.4,,0,,.16,,,,6,6,Sc,7,1406,,42,1.6,,.1,-.8,-1,-.4
108,서울,2021-01-13 18:00,6.9,,,9,2.2,,230,,77,,7.6,3.1,1003.3,,1013.8,,0,,.03,,,,7,7,Sc,8,1299,,42,1,,.1,-.7,-.9,-.4
108,서울,2021-01-13 19:00,5.8,,,9,2.1,,270,,80,,7.4,2.6,1003.9,,1014.4,,,9,,9,,,0,0,,,1099,,42,-.1,,.2,-.7,-.9,-.4
108,서울,2021-01-13 20:00,5.1,,,9,2.8,,250,,82,,7.2,2.2,1005.1,,1015.7,,,9,,9,,,0,0,,,1031,,42,-.1,,.2,-.6,-.9,-.3
108,서울,2021-01-13 21:00,3.9,,,9,2,,270,,78,,6.3,.4,1006.5,,1017.1,,,9,,9,,,0,0,,,1045,,42,-.2,,.2,-.6,-.8,-.3
108,서울,2021-01-13 22:00,2.8,,,9,1.8,,250,,73,,5.5,-1.5,1006.9,,1017.6,,,9,,9,,,0,0,,,1040,,42,-.2,,.2,-.6,-.8,-.3
108,서울,2021-01-13 23:00,1.9,,,9,1.9,,290,,67,,4.7,-3.5,1008.4,,1019.1,,,9,,9,,,0,0,,,1036,,42,-.4,,.3,-.6,-.8,-.3
108,서울,2021-01-14 00:00,.9,,,9,1.8,,290,,63,,4.1,-5.3,1009.2,,1020,,,9,,9,,,0,0,,,1200,,42,-.6,,.3,-.5,-.8,-.3
108,서울,2021-01-14 01:00,.3,,,,1.9,,290,,60,,3.8,-6.5,1010.1,,1020.9,,,9,,9,,,0,0,,,1373,,42,-.9,,.3,-.5,-.7,-.3
108,서울,2021-01-14 02:00,-.6,,,,1.7,,290,,56,,3.3,-8.3,1010.7,,1021.6,,,9,,9,,,0,0,,,1816,,42,-1.4,,.3,-.5,-.7,-.3
108,서울,2021-01-14 03:00,-1.2,,,,1.4,,290,,57,,3.2,-8.6,1010.6,,1021.5,,,9,,9,,,0,0,,,1999,,42,-1.9,,.3,-.5,-.7,-.3
108,서울,2021-01-14 04:00,-2.1,,,,1,,250,,63,,3.3,-8.2,1010.8,,1021.7,,,9,,9,,,0,0,,,1977,,42,-2.4,,.3,-.5,-.7,-.3
108,서울,2021-01-14 05:00,-2.4,,,,1.6,,250,,63,,3.2,-8.4,1011.8,,1022.8,,,9,,9,,,0,0,,,2000,,42,-2.8,,.3,-.5,-.7,-.3
108,서울,2021-01-14 06:00,-2.8,,,,2.6,,270,,63,,3.1,-8.8,1012.4,,1023.4,,,9,,9,,,0,0,,,1998,,42,-3.2,,.2,-.5,-.7,-.3
108,서울,2021-01-14 07:00,-3.1,,,,1.9,,270,,67,,3.3,-8.3,1012.9,,1023.9,,,9,,9,,,0,0,,,1891,,42,-3.7,,.1,-.6,-.6,-.3
108,서울,2021-01-14 08:00,-3.4,,,,1,,320,,70,,3.3,-8,1013.3,,1024.3,,0,,0,,,,0,0,,,1951,,42,-4.2,,-.2,-.7,-.6,-.2
108,서울,2021-01-14 09:00,-3,,,,2.5,,20,,70,,3.4,-7.7,1013.7,,1024.7,,.4,,.25,,,,0,0,,,1997,,,-3.1,,-.4,-.9,-.7,-.3
108,서울,2021-01-14 10:00,-.6,,,,1.4,,70,,61,,3.6,-7.2,1013.7,,1024.6,,1,,.76,,,,0,0,,,2000,,,-.9,,-.4,-1,-.7,-.3
108,서울,2021-01-14 11:00,1.4,,,,1.7,,70,,43,,2.9,-9.8,1013.4,,1024.2,,1,,1.28,,,,0,0,,,2000,,,.3,,-.3,-.9,-.7,-.2
108,서울,2021-01-14 12:00,3.3,,,,3.2,,70,,32,,2.5,-11.8,1012.6,,1023.3,,1,,1.63,,,,0,0,,,2000,,,2.3,,-.2,-.8,-.7,-.2
108,서울,2021-01-14 13:00,4.7,,,,3.1,,90,,33,,2.8,-10.2,1011.7,,1022.3,,1,,1.78,,,,0,0,,,2000,,,4.8,,0,-.8,-.7,-.2
108,서울,2021-01-14 14:00,5.9,,,,3.7,,70,,31,,2.9,-9.9,1010.9,,1021.5,,1,,1.7,,,,0,0,,,2000,,,5.6,,.1,-.7,-.7,-.2
108,서울,2021-01-14 15:00,6.8,,,,2.4,,70,,29,,2.9,-10,1010.4,,1021,,1,,1.42,,,,0,0,,,2000,,,4.5,,.1,-.6,-.7,-.2
108,서울,2021-01-14 16:00,6.8,,,,2.4,,90,,30,,3,-9.6,1010.3,,1020.9,,1,,.9,,,,0,0,,,2000,,,1.8,,.2,-.6,-.7,-.2
108,서울,2021-01-14 17:00,5.9,,,,2.4,,50,,33,,3.1,-9.1,1010.3,,1020.9,,.6,,.44,,,,0,0,,,2000,,,-.4,,.2,-.6,-.7,-.2
108,서울,2021-01-14 18:00,4.5,,,,2.4,,50,,37,,3.1,-8.9,1010.2,,1020.8,,0,,.05,,,,0,0,,,2000,,,-.1,,.2,-.5,-.7,-.2
108,서울,2021-01-14 19:00,3.9,,,,2.7,,70,,38,,3.1,-9.1,1010,,1020.7,,,9,,9,,,2,0,,,2000,,,-.3,,.2,-.5,-.6,-.2
108,서울,2021-01-14 20:00,3.8,,,,3.4,,70,,39,,3.1,-8.9,1009.5,,1020.2,,,9,,9,,,5,0,,,2000,,,-.3,,.3,-.5,-.6,-.2
108,서울,2021-01-14 21:00,3.5,,,,2.7,,70,,39,,3.1,-9.1,1009.4,,1020.1,,,9,,9,,,0,0,,,2000,,,-.4,,.3,-.5,-.6,-.2
108,서울,2021-01-14 22:00,3.3,,,,2.8,,70,,39,,3,-9.3,1009.1,,1019.8,,,9,,9,,,0,0,,,2000,,,-.6,,.3,-.5,-.6,-.2
108,서울,2021-01-14 23:00,2.8,,,,1.7,,50,,42,,3.1,-8.8,1009.5,,1020.2,,,9,,9,,,0,0,,,2000,,,-.8,,.3,-.5,-.6,-.2
108,서울,2021-01-15 00:00,2.1,,,,2.2,,50,,45,,3.2,-8.6,1009.3,,1020,,,9,,9,,,0,0,,,2000,,,-1,,.2,-.5,-.6,-.2
108,서울,2021-01-15 01:00,2.2,,,,2.7,,70,,43,,3.1,-9.1,1009.2,,1019.9,,,9,,9,,,5,5,,13,2000,,,-1.2,,.2,-.5,-.6,-.2
108,서울,2021-01-15 02:00,2.6,,,,2.6,,70,,45,,3.3,-8.1,1009.3,,1020,,,9,,9,,,8,8,,10,2000,,,-.8,,.2,-.5,-.6,-.2
108,서울,2021-01-15 03:00,3.2,,,,2.7,,70,,43,,3.3,-8.2,1008.7,,1019.4,,,9,,9,,,7,7,Sc,9,2000,,,-.7,,.2,-.5,-.6,-.2
108,서울,2021-01-15 04:00,3.2,,,,2.1,,50,,43,,3.3,-8.2,1007.8,,1018.5,,,9,,9,,,8,8,Sc,8,2000,,,-.6,,.2,-.5,-.6,-.2
108,서울,2021-01-15 05:00,3.5,,,,2,,70,,46,,3.6,-7,1007.3,,1017.9,,,9,,9,,,8,8,Sc,8,2000,,,-.5,,.2,-.5,-.6,-.2
108,서울,2021-01-15 06:00,3.7,,,,2.5,,50,,47,,3.8,-6.5,1006.5,,1017.1,,,9,,9,,,8,8,Sc,7,2000,,,-.4,,.3,-.5,-.6,-.2
108,서울,2021-01-15 07:00,3.8,,,,2.5,,50,,52,,4.2,-5.1,1006,,1016.6,,,9,,9,,,8,8,Sc,7,2000,,,-.6,,.3,-.4,-.6,-.2
108,서울,2021-01-15 08:00,4.2,,,,2.2,,50,,57,,4.7,-3.5,1005.7,,1016.3,,0,,0,,,,9,9,Sc,6,2000,,,-.3,,.3,-.4,-.6,-.2
108,서울,2021-01-15 09:00,4.8,,,,2.4,,50,,58,,5,-2.7,1005.1,,1015.7,,0,,.06,,,,9,9,Sc,6,2000,,,-.2,,.3,-.4,-.6,-.2
108,서울,2021-01-15 10:00,5.5,,,,2.1,,50,,60,,5.4,-1.6,1004,,1014.6,,0,,.25,,,,9,9,Sc,7,1995,,,0,,.3,-.4,-.5,-.2
108,서울,2021-01-15 11:00,6.3,,,,1.9,,50,,65,,6.2,.1,1004,,1014.5,,0,,.23,,,,9,9,Sc,6,1872,,,.4,,.3,-.4,-.5,-.2
108,서울,2021-01-15 12:00,8.8,,,,3.1,,180,,78,,8.8,5.1,1002.4,,1012.8,,0,,.42,,,,9,9,Sc,6,2000,,,1.4,,.4,-.4,-.5,-.2
108,서울,2021-01-15 13:00,9.8,,,9,4.8,,230,,80,,9.7,6.5,1001.8,,1012.2,,0,,.21,,,,10,8,ScAs,5,2000,,01,2.3,,.4,-.4,-.5,-.2
108,서울,2021-01-15 14:00,9.8,,,9,5.2,,230,,82,,9.9,6.8,1001,,1011.4,,0,,.32,,,,9,9,Sc,4,1543,,01,4.8,,.4,-.4,-.5,-.2
108,서울,2021-01-15 15:00,9.2,,.2,,5.6,,230,,82,,9.5,6.2,1001.3,,1011.6,,0,,.17,,,,9,7,ScCi,4,1108,,,3.7,,.4,-.4,-.5,-.2
108,서울,2021-01-15 16:00,7.7,,,9,3.5,,250,,76,,8,3.7,1002.5,,1012.9,,0,,.24,,,,9,3,ScCi,5,602,,19,2.7,,.4,-.3,-.5,-.2
108,서울,2021-01-15 17:00,6.7,,,9,4.1,,250,,79,,7.7,3.3,1003.8,,1014.3,,0,,.19,,,,9,5,ScCi,5,553,,19,1.7,,.4,-.3,-.5,-.2
108,서울,2021-01-15 18:00,5.3,,,9,3.7,,250,,81,,7.2,2.2,1005.1,,1015.7,,0,,.02,,,,9,7,ScCi,4,645,,19,1.2,,.4,-.3,-.5,-.2
108,서울,2021-01-15 19:00,4,,,9,3.7,,250,,81,,6.6,1,1005.6,,1016.2,,,9,,9,,,9,2,,5,802,,19,0,,.4,-.3,-.5,-.2
108,서울,2021-01-15 20:00,3.1,,,9,4.9,,250,,81,,6.2,.1,1006.1,,1016.8,,,9,,9,,,10,7,,43,970,,19,-.3,,.4,-.3,-.5,-.2
108,서울,2021-01-15 21:00,1.5,,,9,4.1,,250,,76,,5.2,-2.2,1007.1,,1017.8,,,9,,9,,,9,4,ScCi,10,1356,,19,-.1,,.4,-.3,-.5,-.2
108,서울,2021-01-15 22:00,.8,,,9,3.3,,270,,78,,5,-2.6,1008,,1018.8,,,9,,9,,,9,2,,46,1246,,,-.1,,.4,-.3,-.5,-.2
108,서울,2021-01-15 23:00,.2,,,9,3.3,,290,,75,,4.6,-3.7,1008.2,,1019,,,9,,9,,,9,1,,6,1179,,,-.2,,.4,-.3,-.5,-.2
108,서울,2021-01-16 00:00,-.7,,,9,2.8,,270,,74,,4.3,-4.7,1008.9,,1019.7,,,9,,9,,,8,0,,,1087,,,-.4,,.4,-.3,-.5,-.2
108,서울,2021-01-16 01:00,-1.7,,,,2.6,,250,,74,,4,-5.7,1009.3,,1020.2,,,9,,9,,,6,6,,9,972,,19,-.6,,.4,-.3,-.5,-.2
108,서울,2021-01-16 02:00,-2.4,,,,3,,290,,75,,3.8,-6.2,1010.1,,1021,,,9,,9,,,0,0,,,979,,19,-1.1,,.4,-.3,-.5,-.2
108,서울,2021-01-16 03:00,-3.1,,,,2.9,,290,,76,,3.7,-6.7,1010.6,,1021.6,,,9,,9,,,0,0,,,948,,19,-1.6,,.4,-.3,-.5,-.2
108,서울,2021-01-16 04:00,-4,,,,2.7,,270,,76,,3.5,-7.6,1011.1,,1022.1,,,9,,9,,,0,0,,,914,,19,-2.2,,.4,-.3,-.5,-.2
108,서울,2021-01-16 05:00,-4.7,,,,3,,270,,77,,3.3,-8.1,1011.9,,1023,,,9,,9,,,0,0,,,892,,19,-2.8,,.4,-.3,-.5,-.1
108,서울,2021-01-16 06:00,-5.4,,,,3.2,,270,,78,,3.2,-8.6,1012.6,,1023.7,,,9,,9,,,6,6,Sc,10,875,,19,-3.4,,.4,-.3,-.5,-.1
108,서울,2021-01-16 07:00,-6,,,,2.2,,290,,72,,2.8,-10.2,1013.4,,1024.5,,,9,,9,,,3,3,Sc,10,1058,,19,-4,,.4,-.3,-.5,-.1
108,서울,2021-01-16 08:00,-6.6,,,,3.4,,270,,69,,2.6,-11.3,1013.9,,1025,,0,,.01,,,,0,0,,,1239,,,-4.6,,.3,-.3,-.5,-.1
108,서울,2021-01-16 09:00,-6.5,,,,3.1,,250,,69,,2.6,-11.2,1014.5,,1025.7,,.7,,.27,,,,0,0,,,1312,,,-3.9,,.1,-.3,-.5,-.1
108,서울,2021-01-16 10:00,-5.8,,,,3.5,,290,,65,,2.6,-11.3,1015.3,,1026.4,,1,,.79,,,,0,0,,,1386,,,-1.8,,0,-.4,-.5,-.1
108,서울,2021-01-16 11:00,-4.9,,,,3.5,,290,,63,,2.7,-10.8,1015.8,,1026.9,,1,,1.4,,,,0,0,,,1329,,,-.1,,-.1,-.5,-.5,-.1
108,서울,2021-01-16 12:00,-3.6,,,,2.7,,290,,55,,2.6,-11.3,1015.3,,1026.3,,1,,1.82,,,,0,0,,,1849,,,1.9,,-.1,-.5,-.5,-.1
108,서울,2021-01-16 13:00,-2.3,,,,3.1,,270,,48,,2.5,-11.8,1014.5,,1025.5,,1,,2.06,,,,0,0,,,2000,,,4.7,,0,-.5,-.5,-.1
108,서울,2021-01-16 14:00,-1.8,,,,3.1,,270,,43,,2.3,-12.7,1014.4,,1025.4,,1,,2.04,,,,1,1,Sc,10,2000,,,4.7,,0,-.5,-.5,-.1
108,서울,2021-01-16 15:00,-1.7,,,,3.7,,250,,48,,2.6,-11.2,1014.5,,1025.5,,1,,1.65,,,,0,0,,,2000,,,3.3,,.1,-.5,-.5,-.1
108,서울,2021-01-16 16:00,-2.9,,,,4.5,,320,,39,,1.9,-14.9,1014.8,,1025.8,,1,,1.22,,,,1,1,Sc,10,2000,,,-.1,,.1,-.5,-.5,-.1
108,서울,2021-01-16 17:00,-3.3,,,,4.1,,250,,47,,2.3,-13,1015.3,,1026.3,,1,,.53,,,,0,0,,,2000,,,-.5,,.1,-.5,-.5,-.1
108,서울,2021-01-16 18:00,-4.1,,,,3.6,,270,,53,,2.4,-12.2,1015.8,,1026.9,,.2,,.07,,,,0,0,,,2000,,,-1.2,,0,-.6,-.5,-.1
108,서울,2021-01-16 19:00,-4.7,,,,4.9,,270,,55,,2.4,-12.3,1015.8,,1026.9,,,9,,9,,,0,0,,,2000,,,-2.3,,-.2,-.6,-.5,-.1
108,서울,2021-01-16 20:00,-5.6,,,,4,,270,,43,,1.7,-16.2,1016.7,,1027.8,,,9,,9,,,0,0,,,2000,,,-3.5,,-.3,-.7,-.5,-.1
108,서울,2021-01-16 21:00,-6.4,,,,2.9,,290,,45,,1.7,-16.4,1017.1,,1028.3,,,9,,9,,,0,0,,,2000,,,-4.4,,-.5,-.8,-.5,-.1
108,서울,2021-01-16 22:00,-7.4,,,,2.4,,290,,41,,1.4,-18.4,1017.4,,1028.6,,,9,,9,,,3,0,,,2000,,,-5.5,,-.8,-.9,-.5,-.1
108,서울,2021-01-16 23:00,-8.2,,,,3.5,,290,,44,,1.5,-18.3,1017.5,,1028.8,,,9,,9,,,5,0,,,2000,,,-6.3,,-1,-1.1,-.5,-.1
108,서울,2021-01-17 00:00,-8.7,,,,3.1,,290,,50,,1.6,-17.2,1018,,1029.3,,,9,,9,,,0,0,,,2000,,,-6.9,,-1.3,-1.3,-.6,-.1
108,서울,2021-01-17 01:00,-9.3,,,,2,,270,,50,,1.5,-17.8,1018.7,,1030,,,9,,9,,,1,0,,,2000,,,-7.5,,-1.5,-1.5,-.6,-.1
108,서울,2021-01-17 02:00,-9.4,,,,3.1,,270,,52,,1.6,-17.4,1019.1,,1030.4,,,9,,9,,,0,0,,,2000,,,-8,,-1.8,-1.7,-.7,-.1
108,서울,2021-01-17 03:00,-9.5,,,,2.8,,270,,58,,1.7,-16.2,1019.4,,1030.7,,,9,,9,,,0,0,,,2000,,,-8.2,,-2,-1.8,-.7,-.1
108,서울,2021-01-17 04:00,-9.8,,,,2.1,,270,,59,,1.7,-16.3,1018.9,,1030.3,,,9,,9,,,0,0,,,2000,,,-8.5,,-2.2,-2,-.8,-.1
108,서울,2021-01-17 05:00,-9.8,,,,2.4,,270,,58,,1.7,-16.5,1019.1,,1030.5,,,9,,9,,,0,0,,,2000,,,-8.8,,-2.4,-2.2,-.9,-.1
108,서울,2021-01-17 06:00,-10.3,,,,1.6,,270,,60,,1.7,-16.5,1019,,1030.4,,,9,,9,,,0,0,,,2000,,,-9.1,,-2.6,-2.4,-1,-.1
108,서울,2021-01-17 07:00,-10.5,,,,1.4,,290,,61,,1.7,-16.5,1019.4,,1030.8,,,9,,9,,,0,0,,,2000,,,-9.5,,-2.9,-2.6,-1.1,-.1
108,서울,2021-01-17 08:00,-10.8,,,,1.2,,270,,60,,1.6,-17,1019.5,,1030.9,,0,,0,,,,0,0,,,2000,,,-9.6,,-3.1,-2.8,-1.3,-.1
108,서울,2021-01-17 09:00,-9.9,,,,2.2,,290,,59,,1.7,-16.4,1019.8,,1031.2,,.9,,.36,,,,0,0,,,2000,,,-8.4,,-3.3,-3,-1.4,-.1
108,서울,2021-01-17 10:00,-8.1,,,,1.9,,320,,50,,1.7,-16.7,1019.7,,1031,,1,,.99,,,,0,0,,,2000,,,-4.6,,-3,-3,-1.5,-.1
108,서울,2021-01-17 11:00,-6.1,,,,2.5,,270,,43,,1.7,-16.6,1019.4,,1030.6,,1,,1.6,,,,0,0,,,2000,,,-.4,,-2.6,-2.8,-1.6,-.1
108,서울,2021-01-17 12:00,-4.4,,,,2.3,,250,,35,,1.6,-17.5,1018,,1029.1,,1,,1.97,,,,0,0,,,2000,,,1.9,,-2.1,-2.6,-1.7,-.1
108,서울,2021-01-17 13:00,-3.1,,,,1.7,,290,,32,,1.6,-17.5,1016.5,,1027.5,,1,,2.07,,,,5,5,Sc,12,2000,,,4.9,,-1.7,-2.3,-1.6,-.2
108,서울,2021-01-17 14:00,-2.2,,,,1.8,,250,,36,,1.9,-15.2,1015.4,,1026.4,,.5,,1.64,,,,7,7,Sc,12,2000,,,2.2,,-1.2,-2,-1.5,-.2
108,서울,2021-01-17 15:00,-1.6,,,,3.6,,180,,40,,2.2,-13.4,1014.7,,1025.6,,.5,,.99,,,,5,5,Sc,13,2000,,,3,,-.9,-1.7,-1.4,-.2
108,서울,2021-01-17 16:00,-1.8,,,9,3.1,,200,,44,,2.4,-12.4,1014.6,,1025.6,,.5,,.74,,,,7,7,Sc,12,2000,,05,.1,,-.6,-1.5,-1.3,-.2
108,서울,2021-01-17 17:00,-2.2,,,9,3.2,,230,,53,,2.8,-10.5,1014.4,,1025.4,,.6,,.42,,,,3,3,Sc,9,2000,,05,-.4,,-.5,-1.3,-1.2,-.2
108,서울,2021-01-17 18:00,-2.6,,0,,3.2,,200,,58,,2.9,-9.7,1014,,1025,,0,,.05,,,,2,2,Sc,9,2000,,,-1.1,,-.6,-1.2,-1.1,-.2
108,서울,2021-01-17 19:00,-2.8,,,9,1.9,,250,,61,,3,-9.2,1013.9,,1024.9,,,9,,9,,,1,1,,9,2000,,,-1.8,,-.7,-1.3,-1.1,-.2
108,서울,2021-01-17 20:00,-2.8,,,9,3.1,,200,,67,,3.3,-8,1013.7,,1024.7,,,9,,9,,,8,8,Sc,7,2000,,05,-2.1,,-.8,-1.3,-1,-.2
108,서울,2021-01-17 21:00,-2.8,,0,,1.8,,180,,74,,3.7,-6.7,1013.5,,1024.5,,,9,,9,.1,.1,8,8,Sc,5,779,,05,-1.9,,-.8,-1.3,-1,-.1
108,서울,2021-01-17 22:00,-3,,,9,1.4,,180,,84,,4.1,-5.3,1013.2,,1024.2,,,9,,9,.1,,8,8,Sc,4,1988,,05,-2.2,,-.8,-1.3,-1,-.1
108,서울,2021-01-17 23:00,-3,,,9,2.1,,230,,86,,4.2,-5,1012.9,,1023.9,,,9,,9,.1,,8,8,Sc,4,2000,,05,-2.7,,-.8,-1.3,-1,-.1
108,서울,2021-01-18 00:00,-3,,0,,2,,250,,84,,4.1,-5.3,1012.5,,1023.5,,,9,,9,.1,0,3,3,,,2000,,05,-3.7,,-.9,-1.3,-1,-.1
108,서울,2021-01-18 01:00,-3.6,,,,1.5,,250,,81,,3.8,-6.3,1012,,1023,,,9,,9,.1,,1,1,,18,2000,,,-4.2,,-1,-1.4,-1,-.1
108,서울,2021-01-18 02:00,-3.3,,,9,1.8,,250,,79,,3.8,-6.4,1011.5,,1022.5,,,9,,9,.1,,9,9,Sc,13,2000,,05,-3.5,,-1.2,-1.5,-1,-.1
108,서울,2021-01-18 03:00,-3.4,,0,,.5,,270,,76,,3.6,-7,1010.9,,1021.9,,,9,,9,.1,0,5,2,ScAc,16,2000,,05,-4,,-1.2,-1.5,-1,-.1
108,서울,2021-01-18 04:00,-3.2,,,9,1.4,,180,,78,,3.8,-6.4,1010.1,,1021.1,,,9,,9,.1,,7,2,ScAcCi,7,2000,,05,-4.1,,-1.2,-1.5,-1,-.1
108,서울,2021-01-18 05:00,-3.5,,,9,1.4,,50,,81,,3.8,-6.2,1009.4,,1020.4,,,9,,9,.1,,8,1,ScAcCi,15,2000,,05,-4,,-1.3,-1.6,-1,-.1
108,서울,2021-01-18 06:00,-3.7,,0,,1.9,,20,,83,,3.9,-6.1,1008.6,,1019.6,,,9,,9,.1,0,8,5,AcCi,34,2000,,,-4,,-1.3,-1.6,-1.1,-.1
108,서울,2021-01-18 07:00,-4,,,9,2.5,,50,,85,,3.9,-6.1,1007.9,,1018.9,,,9,,9,.1,,6,4,AcCi,34,1925,,,-4.8,,-1.3,-1.7,-1.1,-.1
108,서울,2021-01-18 08:00,-3.9,,,9,1.9,,50,,89,,4.1,-5.4,1007.5,,1018.5,,0,,.01,,.1,,9,4,ScCi,17,1503,,,-4.1,,-1.4,-1.7,-1.1,-.1
108,서울,2021-01-18 09:00,-3.1,,,9,2.3,,50,,89,,4.3,-4.6,1007.1,,1018,,0,,.11,,.1,,9,4,ScCi,16,1365,,,-2.8,,-1.4,-1.7,-1.1,-.1
108,서울,2021-01-18 10:00,-2.3,,,9,2.4,,50,,88,,4.5,-4,1007.4,,1018.3,,0,,.15,,.2,,9,9,Sc,7,742,,05,-2,,-1.2,-1.7,-1.2,-.2
108,서울,2021-01-18 11:00,-1.5,,,9,1.5,,50,,90,,4.9,-2.9,1007.3,,1018.2,,0,,.33,,1,,9,9,Sc,9,756,,05,-1,,-1,-1.6,-1.2,-.2
108,서울,2021-01-18 12:00,-.6,,.3,,2.2,,250,,88,,5.2,-2.3,1006.8,,1017.6,,0,,.47,,.8,.9,9,9,Sc,8,727,,05,-.6,,-.8,-1.4,-1.1,-.2
108,서울,2021-01-18 13:00,-.2,,,9,2.7,,270,,80,,4.8,-3.2,1006.5,,1017.3,,0,,.54,,,,9,9,Sc,8,1503,,05,-.3,,-.6,-1.3,-1.1,-.2
108,서울,2021-01-18 14:00,-.3,,,9,5,,290,,75,,4.5,-4.2,1006.5,,1017.3,,0,,.47,,,,9,9,Sc,7,1201,,05,-.2,,-.4,-1.2,-1,-.2
108,서울,2021-01-18 15:00,-.4,,0,,6,,290,,56,,3.3,-8.1,1006.9,,1017.7,,.3,,.64,,,,3,3,Sc,10,2000,,05,-.2,,-.3,-1.1,-1,-.2
108,서울,2021-01-18 16:00,-.4,,,9,6.7,,290,,34,,2,-14.3,1008.1,,1018.9,,.9,,1.11,,,,1,1,Sc,10,2000,,,-.2,,-.3,-1,-.9,-.2
108,서울,2021-01-18 17:00,-2,,,9,6.3,,270,,34,,1.8,-15.8,1010,,1020.9,,1,,.61,,,,0,0,,,2000,,,-2,,-.3,-1,-.9,-.2
108,서울,2021-01-18 18:00,-3.9,,,9,7.4,,290,,35,,1.6,-17.1,1012.2,,1023.2,,.3,,.1,,,,0,0,,,2000,,,-3.9,,-.5,-1,-.9,-.1
108,서울,2021-01-18 19:00,-4.9,,,9,4.8,,290,,41,,1.7,-16.1,1013.4,,1024.5,,,9,,9,,,2,0,,,2000,,,-5.1,,-.8,-1.1,-.8,-.1
108,서울,2021-01-18 20:00,-5.5,,,9,3.7,,290,,43,,1.7,-16.1,1014.3,,1025.4,,,9,,9,,,0,0,,,2000,,,-5.9,,-1.1,-1.3,-.9,-.1
108,서울,2021-01-18 21:00,-6.1,,,9,4.5,,270,,42,,1.6,-16.9,1015.2,,1026.3,,,9,,9,,,0,0,,,2000,,,-6.4,,-1.4,-1.5,-.9,-.1
108,서울,2021-01-18 22:00,-7.1,,,9,5.3,,290,,40,,1.4,-18.4,1016.6,,1027.8,,,9,,9,,,0,0,,,2000,,,-7.1,,-1.6,-1.7,-.9,-.1
108,서울,2021-01-18 23:00,-8.4,,,9,2.7,,270,,44,,1.4,-18.5,1017.5,,1028.8,,,9,,9,,,0,0,,,2000,,,-7.7,,-1.9,-1.9,-1,-.1
108,서울,2021-01-19 00:00,-9.1,,,9,2.7,,290,,45,,1.4,-18.8,1017.9,,1029.2,,,9,,9,,,0,0,,,2000,,,-8.2,,-2.2,-2.1,-1.1,-.1
108,서울,2021-01-19 01:00,-9.6,,,,3.9,,320,,46,,1.4,-19,1018.1,,1029.4,,,9,,9,,,1,0,,,2000,,,-8.6,,-2.5,-2.4,-1.2,-.1
108,서울,2021-01-19 02:00,-10.1,,,,2.7,,320,,47,,1.3,-19.2,1018.7,,1030.1,,,9,,9,,,0,0,,,2000,,,-8.9,,-2.8,-2.6,-1.4,-.1
108,서울,2021-01-19 03:00,-10.4,,,,.7,,290,,45,,1.3,-20,1019,,1030.4,,,9,,9,,,0,0,,,2000,,,-9.2,,-3,-2.8,-1.5,-.2
108,서울,2021-01-19 04:00,-10.6,,,,2.3,,270,,48,,1.3,-19.5,1019.3,,1030.7,,,9,,9,,,0,0,,,2000,,,-9.4,,-3.3,-3.1,-1.6,-.2
108,서울,2021-01-19 05:00,-11,,,,1.7,,340,,51,,1.4,-19.1,1019.3,,1030.7,,,9,,9,,,0,0,,,2000,,,-9.7,,-3.5,-3.2,-1.7,-.2
108,서울,2021-01-19 06:00,-11.4,,,,2,,20,,50,,1.3,-19.7,1019.5,,1030.9,,,9,,9,,,0,0,,,2000,,,-9.9,,-3.7,-3.4,-1.9,-.2
108,서울,2021-01-19 07:00,-11.4,,,,1.4,,360,,52,,1.3,-19.3,1020.7,,1032.1,,,9,,9,,,0,0,,,2000,,,-10,,-3.9,-3.6,-2,-.2
108,서울,2021-01-19 08:00,-11.6,,,,1,,270,,54,,1.4,-19,1021.1,,1032.5,,0,,0,,,,0,0,,,2000,,,-9.9,,-4.1,-3.8,-2.1,-.2
108,서울,2021-01-19 09:00,-10.8,,,,1.7,,20,,51,,1.4,-18.9,1021.9,,1033.3,,.9,,.36,,,,0,0,,,2000,,,-8.7,,-4.2,-3.9,-2.2,-.2
108,서울,2021-01-19 10:00,-8.6,,,,2.2,,340,,50,,1.6,-17.1,1022.4,,1033.7,,1,,.96,,,,0,0,,,2000,,,-4.6,,-3.9,-3.9,-2.3,-.3
108,서울,2021-01-19 11:00,-6.2,,,,2,,50,,43,,1.7,-16.7,1022.7,,1033.9,,1,,1.52,,,,0,0,,,2000,,,-.2,,-3.3,-3.6,-2.4,-.3
108,서울,2021-01-19 12:00,-4.1,,,,.8,,290,,37,,1.7,-16.6,1022.1,,1033.2,,1,,1.89,,,,0,0,,,2000,,,2.4,,-2.8,-3.3,-2.3,-.3
108,서울,2021-01-19 13:00,-2.3,,,,2.4,,160,,29,,1.5,-17.9,1021.8,,1032.9,,1,,2.11,,,,0,0,,,2000,,,5.5,,-2.2,-2.9,-2.2,-.4
108,서울,2021-01-19 14:00,-1.5,,,,1.6,,200,,24,,1.3,-19.5,1021.3,,1032.3,,1,,2.05,,,,0,0,,,2000,,,5.3,,-1.7,-2.5,-2,-.4
108,서울,2021-01-19 15:00,-.6,,,,1.7,,200,,21,,1.2,-20.2,1021,,1032,,1,,1.72,,,,0,0,,,2000,,,3.8,,-1.3,-2.2,-1.9,-.4
108,서울,2021-01-19 16:00,-.4,,,,1.6,,250,,20,,1.2,-20.6,1021.4,,1032.4,,1,,1.22,,,,0,0,,,2000,,,-.1,,-1.1,-1.9,-1.7,-.4
108,서울,2021-01-19 17:00,-1.3,,,,1.6,,250,,21,,1.2,-20.8,1021.3,,1032.3,,1,,.57,,,,0,0,,,2000,,,-.5,,-.9,-1.7,-1.6,-.4
108,서울,2021-01-19 18:00,-2.7,,,,.8,,320,,24,,1.2,-20.5,1021.6,,1032.7,,.3,,.08,,,,0,0,,,2000,,,-1.9,,-1,-1.6,-1.4,-.4
108,서울,2021-01-19 19:00,-3.6,,,,1.3,,290,,28,,1.3,-19.5,1021.9,,1033,,,9,,9,,,0,0,,,2000,,,-3.3,,-1.2,-1.7,-1.4,-.4
108,서울,2021-01-19 20:00,-4.4,,,,1,,290,,31,,1.4,-19,1022,,1033.2,,,9,,9,,,0,0,,,2000,,,-4.3,,-1.4,-1.8,-1.3,-.4
108,서울,2021-01-19 21:00,-4.9,,,,1.6,,270,,34,,1.5,-18.3,1022.5,,1033.7,,,9,,9,,,0,0,,,2000,,,-5.2,,-1.7,-1.9,-1.3,-.3
108,서울,2021-01-19 22:00,-5.1,,,,.8,,20,,38,,1.6,-17.2,1022.1,,1033.3,,,9,,9,,,0,0,,,2000,,,-6,,-1.9,-2.1,-1.3,-.3
108,서울,2021-01-19 23:00,-5.5,,,,2.8,,50,,40,,1.6,-16.9,1021.6,,1032.8,,,9,,9,,,0,0,,,2000,,,-6.2,,-2,-2.2,-1.3,-.3
108,서울,2021-01-20 00:00,-5.6,,,,2.1,,50,,41,,1.7,-16.7,1021.6,,1032.8,,,9,,9,,,0,0,,,2000,,,-6.4,,-2.1,-2.3,-1.4,-.3
108,서울,2021-01-20 01:00,-5.8,,,,1.8,,50,,45,,1.8,-15.8,1021.6,,1032.8,,,9,,9,,,0,0,,,2000,,,-6.7,,-2.3,-2.4,-1.4,-.3
108,서울,2021-01-20 02:00,-5.6,,,,3,,50,,45,,1.8,-15.6,1021.6,,1032.8,,,9,,9,,,0,0,,,2000,,,-6.8,,-2.4,-2.5,-1.5,-.3
108,서울,2021-01-20 03:00,-5.5,,,,2.6,,50,,43,,1.7,-16.1,1021.5,,1032.7,,,9,,9,,,0,0,,,2000,,,-6.9,,-2.5,-2.6,-1.6,-.4
108,서울,2021-01-20 04:00,-6.1,,,,1.3,,50,,51,,2,-14.6,1021.8,,1033,,,9,,9,,,0,0,,,2000,,,-7.3,,-2.6,-2.7,-1.7,-.4
108,서울,2021-01-20 05:00,-6.4,,,,2.4,,50,,54,,2.1,-14.1,1021.6,,1032.8,,,9,,9,,,0,0,,,2000,,,-7.4,,-2.7,-2.8,-1.7,-.4
108,서울,2021-01-20 06:00,-6.3,,,,2.2,,70,,50,,1.9,-15,1021.7,,1032.9,,,9,,9,,,0,0,,,2000,,,-7.5,,-2.9,-2.9,-1.8,-.4
108,서울,2021-01-20 07:00,-6.4,,,,2.2,,50,,50,,1.9,-15.1,1021.6,,1032.8,,,9,,9,,,0,0,,,2000,,,-7.6,,-3,-3,-1.9,-.4
108,서울,2021-01-20 08:00,-5.9,,,,4.1,,70,,47,,1.8,-15.4,1021.2,,1032.4,,0,,.01,,,,0,0,,,2000,,,-7.3,,-3,-3.1,-2,-.5
108,서울,2021-01-20 09:00,-4.7,,,,3.5,,50,,45,,1.9,-14.8,1021,,1032.2,,.8,,.3,,,,0,0,,,2000,,,-5.8,,-3,-3.1,-2,-.5
108,서울,2021-01-20 10:00,-2.3,,,,2.4,,70,,39,,2,-14.4,1021.2,,1032.2,,1,,.86,,,,0,0,,,2000,,,-2.2,,-2.7,-3,-2.1,-.5
108,서울,2021-01-20 11:00,.1,,,,2.7,,90,,34,,2.1,-13.9,1021.4,,1032.4,,1,,1.45,,,,0,0,,,2000,,,1.1,,-2.2,-2.8,-2.1,-.5
108,서울,2021-01-20 12:00,1.5,,,,3.1,,70,,32,,2.2,-13.4,1020.1,,1031,,1,,1.82,,,,0,0,,,2000,,,4.7,,-1.7,-2.4,-2,-.6
108,서울,2021-01-20 13:00,3.4,,,,2.9,,90,,29,,2.3,-12.9,1018.4,,1029.2,,1,,2.01,,,,0,0,,,2000,,,7.4,,-1.3,-2.1,-1.9,-.6
108,서울,2021-01-20 14:00,5,,,,2.4,,90,,26,,2.3,-12.9,1017.8,,1028.5,,1,,1.98,,,,0,0,,,2000,,,7.4,,-.9,-1.8,-1.7,-.6
108,서울,2021-01-20 15:00,6.3,,,,1.8,,70,,26,,2.5,-11.8,1017.4,,1028.1,,1,,1.71,,,,1,0,Ci,,2000,,,6.2,,-.6,-1.6,-1.6,-.6
108,서울,2021-01-20 16:00,7.1,,,,1.1,,90,,24,,2.4,-12.1,1017.4,,1028,,1,,1.17,,,,1,0,Ci,,2000,,,1.8,,-.4,-1.4,-1.5,-.5
108,서울,2021-01-20 17:00,5.9,,,,2.4,,50,,26,,2.4,-12.1,1017.2,,1027.9,,.9,,.52,,,,3,0,Ci,,2000,,,-.2,,-.3,-1.2,-1.4,-.5
108,서울,2021-01-20 18:00,4.1,,,,2.5,,50,,30,,2.5,-11.9,1017.2,,1027.9,,.2,,.09,,,,4,0,Ci,,2000,,,-.4,,-.3,-1.1,-1.3,-.5
108,서울,2021-01-20 19:00,3.1,,,,.5,,70,,33,,2.5,-11.6,1017,,1027.8,,,9,,9,,,4,4,,58,2000,,,-.7,,-.3,-1.1,-1.2,-.5
108,서울,2021-01-20 20:00,2.4,,,,.7,,70,,35,,2.5,-11.5,1017,,1027.8,,,9,,9,,,4,4,,58,2000,,,-1.1,,-.3,-1,-1.1,-.4
108,서울,2021-01-20 21:00,1.6,,,,1.5,,50,,37,,2.5,-11.5,1016.7,,1027.5,,,9,,9,,,1,0,Ci,,2000,,,-1.7,,-.3,-1,-1.1,-.4
108,서울,2021-01-20 22:00,1.5,,,,2.3,,50,,41,,2.8,-10.3,1016.9,,1027.7,,,9,,9,,,9,7,,10,2000,,,-1,,-.3,-1,-1,-.4
108,서울,2021-01-20 23:00,2,,,,1.7,,70,,40,,2.8,-10.2,1017,,1027.8,,,9,,9,,,10,9,,11,2000,,,-.7,,-.3,-1,-1,-.4
108,서울,2021-01-21 00:00,2.5,,,,2.7,,50,,39,,2.9,-10,1016.8,,1027.6,,,9,,9,,,9,9,Sc,,2000,,,-.6,,-.2,-.9,-.9,-.4
108,서울,2021-01-21 01:00,2.7,,,,2.5,,70,,37,,2.8,-10.5,1016.5,,1027.3,,,9,,9,,,10,10,,13,2000,,,-.6,,-.1,-.9,-.9,-.3
108,서울,2021-01-21 02:00,2.9,,,,2.3,,70,,37,,2.8,-10.3,1016.5,,1027.3,,,9,,9,,,9,9,,11,2000,,,-.6,,-.1,-.8,-.9,-.3
108,서울,2021-01-21 03:00,2.9,,,,2.1,,70,,38,,2.9,-10,1016.5,,1027.3,,,9,,9,,,9,9,Sc,13,2000,,,-.6,,-.1,-.8,-.9,-.3
108,서울,2021-01-21 04:00,3,,,,3,,70,,40,,3,-9.3,1015.6,,1026.4,,,9,,9,,,9,9,Sc,13,2000,,,-.5,,0,-.8,-.8,-.3
108,서울,2021-01-21 05:00,3,,,,1.7,,70,,41,,3.1,-8.9,1015.7,,1026.5,,,9,,9,,,9,9,Sc,10,2000,,,-.5,,0,-.7,-.8,-.3
108,서울,2021-01-21 06:00,3.1,,,,2.8,,70,,42,,3.2,-8.5,1015.4,,1026.2,,,9,,9,,,9,9,Sc,14,2000,,,-.5,,0,-.7,-.8,-.3
108,서울,2021-01-21 07:00,3.2,,,,2.4,,70,,43,,3.3,-8.2,1015.2,,1025.9,,,9,,9,,,9,9,Sc,14,2000,,,-.4,,0,-.7,-.8,-.3
108,서울,2021-01-21 08:00,3.2,,,,3.8,,70,,44,,3.4,-7.9,1014.6,,1025.3,,0,,.01,,,,9,9,Sc,15,2000,,,-.4,,.1,-.7,-.8,-.3
108,서울,2021-01-21 09:00,3.7,,,,2.3,,70,,44,,3.5,-7.4,1014.4,,1025.1,,0,,.11,,,,9,9,Sc,17,2000,,,-.1,,.1,-.6,-.7,-.3
108,서울,2021-01-21 10:00,4.5,,,,2,,70,,42,,3.5,-7.3,1014.8,,1025.5,,0,,.33,,,,9,9,Sc,18,2000,,,.4,,.1,-.6,-.7,-.3
108,서울,2021-01-21 11:00,5,,,,2.9,,50,,42,,3.7,-6.8,1013.9,,1024.6,,0,,.37,,,,9,9,Sc,7,2000,,,.7,,.2,-.6,-.7,-.3
108,서울,2021-01-21 12:00,5.8,,,,1.2,,70,,42,,3.9,-6.1,1013.2,,1023.8,,0,,.45,,,,10,4,ScAs,6,2000,,,2.3,,.2,-.6,-.7,-.3
108,서울,2021-01-21 13:00,6.8,,,,2.7,,50,,43,,4.2,-4.9,1011.6,,1022.2,,0,,.65,,,,10,4,ScAs,6,2000,,,3.4,,.3,-.5,-.7,-.3
108,서울,2021-01-21 14:00,6.9,,,9,1.8,,50,,45,,4.5,-4.2,1011.1,,1021.7,,0,,.32,,,,10,6,ScAs,9,1990,,01,2.4,,.3,-.5,-.7,-.2
108,서울,2021-01-21 15:00,6.1,,.6,,2.1,,70,,67,,6.3,.4,1010.5,,1021.1,,0,,.27,,,,10,7,StNs,6,836,,1901,2.5,,.3,-.5,-.7,-.2
108,서울,2021-01-21 16:00,5.3,,,9,2.5,,50,,79,,7,1.9,1010.8,,1021.4,,0,,.16,,,,10,8,StNs,5,463,,1901,2,,.4,-.5,-.6,-.2
108,서울,2021-01-21 17:00,4.8,,,9,1.8,,50,,87,,7.5,2.8,1010.9,,1021.6,,0,,.08,,,,10,8,StNs,5,424,,1901,1.4,,.4,-.5,-.6,-.2
108,서울,2021-01-21 18:00,4.6,,4,,2.1,,50,,91,,7.7,3.2,1010.8,,1021.4,,0,,.02,,,,10,8,StNs,4,326,,1901,1.1,,.4,-.4,-.6,-.2
108,서울,2021-01-21 19:00,4.6,,,9,1.8,,70,,93,,7.8,3.5,1010.7,,1021.3,,,9,,9,,,10,8,StNs,5,228,,1901,1.1,,.5,-.4,-.6,-.2
108,서울,2021-01-21 20:00,4.6,,,9,1.5,,70,,94,,8,3.7,1010.5,,1021.1,,,9,,9,,,10,8,StNs,2,180,,1901,1.1,,.6,-.4,-.6,-.2
108,서울,2021-01-21 21:00,4.8,,3.7,,2.1,,50,,95,,8.1,4,1010.7,,1021.4,,,9,,9,,,10,6,StNs,1,243,,1901,.9,,.6,-.4,-.6,-.2
108,서울,2021-01-21 22:00,4.9,,,9,2.3,,50,,96,,8.3,4.3,1010.1,,1020.7,,,9,,9,,,10,6,StNs,1,221,,1901,1,,.6,-.4,-.6,-.2
108,서울,2021-01-21 23:00,4.8,,,9,2.3,,70,,95,,8.1,4,1009.7,,1020.3,,,9,,9,,,10,8,StNs,4,197,,1901,1.1,,.5,-.4,-.6,-.2
108,서울,2021-01-22 00:00,4.9,,.9,,1.9,,50,,96,,8.3,4.3,1009.4,,1020,,,9,,9,,,10,9,StNs,,296,,1901,.9,,.5,-.3,-.6,-.2
108,서울,2021-01-22 01:00,5,,,9,1.7,,70,,95,,8.2,4.2,1009.1,,1019.7,,,9,,9,,,10,10,St,3,351,,1901,1,,.5,-.3,-.5,-.2
108,서울,2021-01-22 02:00,5,,,9,1.3,,70,,95,,8.2,4.2,1009,,1019.6,,,9,,9,,,10,10,,3,433,,19,.9,,.5,-.3,-.5,-.2
108,서울,2021-01-22 03:00,5,,0,,1.4,,50,,93,,8.1,3.9,1008.6,,1019.2,,,9,,9,,,10,10,St,3,393,,19,.9,,.5,-.3,-.5,-.2
108,서울,2021-01-22 04:00,4.9,,,9,.7,,20,,94,,8.1,4,1008.4,,1019,,,9,,9,,,10,8,StNs,2,296,,1901,.7,,.5,-.3,-.5,-.2
108,서울,2021-01-22 05:00,5.1,,,9,1,,340,,95,,8.3,4.3,1008.8,,1019.4,,,9,,9,,,10,10,St,2,292,,1901,.7,,.5,-.3,-.5,-.2
108,서울,2021-01-22 06:00,5,,.1,,1.2,,50,,95,,8.2,4.2,1008.7,,1019.3,,,9,,9,,,10,10,St,2,221,,19,.8,,.5,-.3,-.5,-.2
108,서울,2021-01-22 07:00,5,,,9,2.4,,50,,96,,8.4,4.4,1009.2,,1019.8,,,9,,9,,,10,10,,3,94,,1916,1.2,,.5,-.3,-.5,-.2
108,서울,2021-01-22 08:00,4.9,,,9,1.9,,70,,96,,8.3,4.3,1009.4,,1020,,0,,.01,,,,10,10,,3,66,,16,1.3,,.5,-.3,-.5,-.2
108,서울,2021-01-22 09:00,5,,,9,2,,50,,97,,8.4,4.5,1009.9,,1020.5,,0,,.07,,,,10,10,,3,94,,16,1.7,,.5,-.2,-.5,-.2
108,서울,2021-01-22 10:00,5.4,,,9,1.5,,50,,97,,8.7,4.9,1010.3,,1020.9,,0,,.23,,,,10,10,St,2,220,,1916,2.6,,.6,-.2,-.5,-.2
108,서울,2021-01-22 11:00,5.8,,,9,2.3,,360,,96,,8.8,5.2,1010.2,,1020.8,,0,,.35,,,,10,10,St,2,573,,19,3.5,,.6,-.2,-.5,-.2
108,서울,2021-01-22 12:00,6,,,9,.5,,360,,93,,8.7,4.9,1009.7,,1020.3,,0,,.39,,,,10,10,St,2,664,,19,4.1,,.6,-.2,-.5,-.2
108,서울,2021-01-22 13:00,6.4,,,9,1.5,,360,,92,,8.8,5.1,1009.1,,1019.7,,0,,.41,,,,10,10,St,2,374,,19,3.9,,.6,-.2,-.5,-.2
108,서울,2021-01-22 14:00,6.6,,,9,1.7,,20,,91,,8.8,5.2,1008.6,,1019.1,,0,,.3,,,,10,10,St,2,453,,19,3.7,,.6,-.2,-.5,-.2
108,서울,2021-01-22 15:00,6.5,,,9,2.2,,50,,91,,8.8,5.1,1008.3,,1018.8,,0,,.28,,,,10,10,St,2,374,,19,3.4,,.6,-.2,-.4,-.2
108,서울,2021-01-22 16:00,6.4,,,9,1.6,,360,,90,,8.6,4.8,1008.4,,1019,,0,,.18,,,,10,10,St,3,521,,19,2.9,,.6,-.2,-.4,-.2
108,서울,2021-01-22 17:00,6.3,,,9,2.1,,50,,90,,8.5,4.7,1008.9,,1019.5,,0,,.1,,,,10,10,St,3,481,,19,2.2,,.6,-.2,-.4,-.2
108,서울,2021-01-22 18:00,5.9,,,9,2.6,,50,,91,,8.4,4.5,1009.1,,1019.7,,0,,.02,,,,10,10,St,2,437,,19,1.8,,.6,-.2,-.4,-.2
108,서울,2021-01-22 19:00,5.6,,,9,1.4,,50,,91,,8.2,4.2,1009.4,,1020,,,9,,9,,,10,10,,2,605,,19,1.6,,.6,-.2,-.4,-.2
108,서울,2021-01-22 20:00,5.5,,,9,1.9,,50,,91,,8.2,4.1,1009.6,,1020.2,,,9,,9,,,10,10,,2,622,,19,1.5,,.6,-.2,-.4,-.2
108,서울,2021-01-22 21:00,5.5,,,9,2.1,,70,,91,,8.2,4.1,1010,,1020.6,,,9,,9,,,10,10,St,2,649,,19,1.5,,.6,-.1,-.4,-.2
108,서울,2021-01-22 22:00,5.2,,,9,2.5,,50,,91,,8,3.8,1009.6,,1020.2,,,9,,9,,,8,8,,2,573,,19,.7,,.6,-.1,-.4,-.2
108,서울,2021-01-22 23:00,5.1,,,9,1.5,,70,,92,,8.1,3.9,1009.3,,1019.9,,,9,,9,,,9,4,,2,573,,19,.9,,.6,-.1,-.4,-.2
108,서울,2021-01-23 00:00,4.9,,,9,1.5,,50,,92,,8,3.7,1009.2,,1019.8,,,9,,9,,,6,6,Sc,,544,,19,.2,,.6,-.1,-.4,-.2
108,서울,2021-01-23 01:00,5.3,,,,2.9,,70,,92,,8.1,4,1009.2,,1019.8,,,9,,9,,,9,9,,9,1091,,19,1.3,,.6,-.1,-.4,-.1
108,서울,2021-01-23 02:00,5.6,,,,2.4,,70,,88,,8,3.7,1009.1,,1019.7,,,9,,9,,,8,8,,9,1769,,,1.1,,.6,-.1,-.4,-.1
108,서울,2021-01-23 03:00,5.4,,,,2.9,,70,,86,,7.7,3.2,1009.2,,1019.8,,,9,,9,,,2,2,Sc,13,2000,,,.2,,.6,-.1,-.4,-.1
108,서울,2021-01-23 04:00,5.2,,,,3.1,,70,,84,,7.4,2.7,1009,,1019.6,,,9,,9,,,3,3,Sc,14,2000,,,.3,,.6,-.1,-.4,-.1
108,서울,2021-01-23 05:00,5.3,,,,3.9,,70,,81,,7.2,2.2,1008.9,,1019.5,,,9,,9,,,3,3,Sc,16,2000,,,.3,,.6,-.1,-.4,-.1
108,서울,2021-01-23 06:00,5.2,,,,4.1,,50,,80,,7.1,2,1009,,1019.6,,,9,,9,,,4,3,ScCi,14,2000,,,.1,,.6,-.1,-.4,-.1
108,서울,2021-01-23 07:00,5.4,,,,4.3,,70,,78,,7,1.8,1009.4,,1020,,,9,,9,,,5,5,Sc,18,2000,,,.4,,.6,-.1,-.4,-.1
108,서울,2021-01-23 08:00,5.3,,,,3.9,,70,,76,,6.8,1.4,1009.6,,1020.2,,0,,.02,,,,6,3,ScCi,18,2000,,,.6,,.6,-.1,-.4,-.1
108,서울,2021-01-23 09:00,5.9,,,,4.4,,50,,75,,6.9,1.7,1009.8,,1020.4,,.3,,.29,,,,6,2,ScCi,17,2000,,,2,,.6,-.1,-.4,-.1
108,서울,2021-01-23 10:00,7.5,,,,5,,50,,68,,7,1.9,1009.9,,1020.4,,.6,,.74,,,,6,1,ScCi,18,2000,,,4.9,,.7,-.1,-.4,-.1
108,서울,2021-01-23 11:00,9.3,,,,4.1,,70,,61,,7.1,2.1,1009.8,,1020.2,,1,,1.36,,,,7,2,ScCi,19,2000,,,8.9,,.8,-.1,-.4,-.1
108,서울,2021-01-23 12:00,9.8,,,,4.6,,50,,57,,6.9,1.6,1009,,1019.4,,.8,,1.38,,,,6,1,ScCi,18,2000,,,8.3,,1,-.1,-.4,-.1
108,서울,2021-01-23 13:00,10.4,,,,5.3,,70,,54,,6.8,1.4,1008.3,,1018.7,,.7,,1.6,,,,8,1,ScCi,15,2000,,,8.7,,1.2,-.1,-.4,-.1
108,서울,2021-01-23 14:00,10.9,,,,4.4,,50,,53,,6.9,1.6,1008.1,,1018.5,,.3,,1.14,,,,8,1,ScCi,15,2000,,,9.5,,1.4,-.1,-.4,-.1
108,서울,2021-01-23 15:00,11.9,,,,5.1,,50,,50,,6.9,1.7,1007.8,,1018.1,,.9,,1.66,,,,7,0,Ci,,2000,,,10.5,,1.6,0,-.4,-.1
108,서울,2021-01-23 16:00,11.5,,,,4.7,,50,,50,,6.8,1.4,1008,,1018.3,,.7,,1.06,,,,8,2,ScCi,15,2000,,,7.1,,1.7,0,-.4,-.1
108,서울,2021-01-23 17:00,10.5,,,,5.2,,50,,53,,6.7,1.3,1008.5,,1018.9,,0,,.4,,,,7,2,ScAcCi,15,2000,,,4.8,,1.6,0,-.4,-.1
108,서울,2021-01-23 18:00,9.4,,,,4.3,,70,,56,,6.6,1,1009.3,,1019.7,,0,,.07,,,,9,3,ScCi,19,2000,,,3.1,,1.5,0,-.4,-.1
108,서울,2021-01-23 19:00,8.4,,,,4.5,,70,,59,,6.5,.8,1010.1,,1020.6,,,9,,9,,,9,7,,51,2000,,,2.1,,1.3,0,-.4,-.1
108,서울,2021-01-23 20:00,7.6,,,,4.5,,50,,60,,6.2,.3,1010.9,,1021.4,,,9,,9,,,9,3,,17,2000,,,1.9,,1.2,0,-.4,-.1
108,서울,2021-01-23 21:00,7.1,,,,4.9,,70,,61,,6.1,0,1011.6,,1022.2,,,9,,9,,,9,4,ScCi,18,2000,,,1.8,,1.2,0,-.4,-.1
108,서울,2021-01-23 22:00,6.6,,,,3.6,,70,,61,,6,-.3,1012,,1022.6,,,9,,9,,,10,5,,18,2000,,,1.5,,1.1,0,-.4,-.1
108,서울,2021-01-23 23:00,6.3,,,,3.3,,70,,62,,5.9,-.4,1012.4,,1023,,,9,,9,,,9,1,,20,2000,,,1.1,,1,0,-.4,-.1
108,서울,2021-01-24 00:00,6.1,,,,3.9,,70,,63,,5.9,-.4,1012.8,,1023.4,,,9,,9,,,9,9,,,2000,,,1.1,,1,0,-.4,-.1
108,서울,2021-01-24 01:00,5.8,,,,3.4,,70,,64,,5.9,-.4,1012.9,,1023.5,,,9,,9,,,7,1,,20,2000,,,.9,,1,0,-.4,-.1
108,서울,2021-01-24 02:00,5.5,,,,3.4,,70,,65,,5.9,-.5,1013.2,,1023.8,,,9,,9,,,6,4,,19,2000,,,.3,,.9,0,-.4,-.1
108,서울,2021-01-24 03:00,4.7,,,,4.1,,50,,69,,5.9,-.5,1013.3,,1024,,,9,,9,,,6,6,Sc,10,2000,,,-.5,,.8,-.1,-.4,-.1
108,서울,2021-01-24 04:00,4.2,,,,3,,70,,71,,5.8,-.6,1013.6,,1024.3,,,9,,9,,,3,3,Sc,10,2000,,,-.1,,.6,-.1,-.4,-.1
108,서울,2021-01-24 05:00,3.8,,,,3.6,,50,,74,,5.9,-.4,1013.6,,1024.3,,,9,,9,,,4,4,Sc,10,2000,,,-.1,,.6,-.1,-.4,-.1
108,서울,2021-01-24 06:00,3.1,,,,1.8,,70,,75,,5.7,-.9,1014.3,,1025,,,9,,9,,,0,0,,,2000,,,-.1,,.6,-.1,-.4,-.1
108,서울,2021-01-24 07:00,2.7,,,,2.2,,70,,77,,5.7,-.9,1014.7,,1025.5,,,9,,9,,,0,0,,,2000,,,-.2,,.5,-.1,-.4,-.1
108,서울,2021-01-24 08:00,2.4,,,,1.7,,50,,79,,5.8,-.8,1015.6,,1026.4,,0,,.02,,,,0,0,,,2000,,,-.2,,.5,-.1,-.4,-.1
108,서울,2021-01-24 09:00,3.7,,,,2.8,,70,,78,,6.2,.2,1016,,1026.7,,1,,.36,,,,0,0,,,2000,,,-.1,,.6,-.1,-.4,-.1
108,서울,2021-01-24 10:00,6.3,,,,2.7,,70,,69,,6.6,1,1017,,1027.6,,1,,.92,,,,0,0,,,2000,,,.1,,.7,-.1,-.4,-.1
108,서울,2021-01-24 11:00,8.5,,,,3.6,,50,,61,,6.7,1.3,1016.8,,1027.3,,1,,1.55,,,,0,0,,,2000,,,7.9,,.9,0,-.4,-.1
108,서울,2021-01-24 12:00,10.1,,,,2.2,,90,,57,,7,1.9,1016.1,,1026.6,,1,,1.94,,,,0,0,,,2000,,,12.7,0,1.4,.1,-.4,-.1
108,서울,2021-01-24 13:00,11.6,,,,1,,110,,50,,6.8,1.5,1015.6,,1026,,1,,2.12,,,,0,0,,,2000,,,15,0,2,.2,-.4,-.1
108,서울,2021-01-24 14:00,12.9,,,,1.3,,200,,47,,7,1.8,1014.8,,1025.1,,1,,2.03,,,,1,0,Ci,,2000,,,14.6,0,2.4,.4,-.4,-.1
108,서울,2021-01-24 15:00,13.8,,,,1.4,,110,,45,,7.1,2,1014.2,,1024.5,,1,,1.75,,,,0,0,,,2000,,,13.2,0,2.8,.5,-.3,-.1
108,서울,2021-01-24 16:00,13.4,,,,2.2,,270,,46,,7,1.9,1014.2,,1024.5,,1,,1.27,,,,1,0,Ci,,2000,,,8.6,,2.9,.7,-.3,-.1
108,서울,2021-01-24 17:00,11.6,,,,2.2,,290,,49,,6.7,1.2,1014.6,,1025,,.2,,.35,,,,8,0,Ci,,2000,,,5.5,,2.7,.7,-.3,-.1
108,서울,2021-01-24 18:00,10.3,,,,1.9,,250,,53,,6.6,1.1,1015.3,,1025.8,,0,,.09,,,,8,0,Ci,,2000,,,2.9,,2.3,.6,-.3,-.1
108,서울,2021-01-24 19:00,9,,,,2,,270,,57,,6.5,.9,1016.2,,1026.7,,,9,,9,,,0,0,,,2000,,,1,,1.8,.5,-.3,-.1
108,서울,2021-01-24 20:00,8,,,,1.3,,270,,61,,6.5,.9,1016,,1026.6,,,9,,9,,,5,0,,,2000,,,-.2,,1.3,.3,-.3,-.1
108,서울,2021-01-24 21:00,7,,,,1.6,,90,,64,,6.4,.6,1015.6,,1026.2,,,9,,9,,,7,0,Ci,,2000,,,-.8,,1,.1,-.3,-.1
108,서울,2021-01-24 22:00,7,,,,1.3,,320,,67,,6.7,1.2,1016.1,,1026.7,,,9,,9,,,7,0,,,2000,,,-.1,,.8,0,-.3,-.1
108,서울,2021-01-24 23:00,6.3,,,,1.9,,270,,69,,6.6,1,1016.5,,1027.1,,,9,,9,,,7,0,,,2000,,,-.1,,.7,0,-.3,-.1
108,서울,2021-01-25 00:00,5.7,,,,1.1,,20,,70,,6.4,.6,1017,,1027.7,,,9,,9,,,6,0,,,2000,,,-.1,,.7,0,-.3,-.1
108,서울,2021-01-25 01:00,5.3,,,,.3,,0,,72,,6.4,.6,1018,,1028.7,,,9,,9,,,7,3,,54,2000,,,-.2,,.7,-.1,-.3,-.1
108,서울,2021-01-25 02:00,4.7,,,,2.1,,20,,75,,6.4,.6,1018.3,,1029,,,9,,9,,,1,0,,,2000,,,-.2,,.6,-.1,-.3,-.1
108,서울,2021-01-25 03:00,4.1,,,,1.4,,50,,78,,6.4,.6,1018.6,,1029.3,,,9,,9,,,7,0,Ci,,2000,,,-.2,,.6,-.1,-.3,-.1
108,서울,2021-01-25 04:00,3.8,,,,1.7,,50,,79,,6.3,.4,1017.9,,1028.6,,,9,,9,,,7,0,Ci,,2000,,,-.3,,.6,-.1,-.3,-.1
108,서울,2021-01-25 05:00,3.6,,,,1.4,,50,,80,,6.3,.4,1018.1,,1028.9,,,9,,9,,,6,0,Ci,,2000,,,-.3,,.6,-.1,-.3,-.1
108,서울,2021-01-25 06:00,3,,,,1.4,,70,,82,,6.2,.2,1018.1,,1028.9,,,9,,9,,,6,0,Ci,,2000,,,-.3,,.6,-.1,-.3,-.1
108,서울,2021-01-25 07:00,3.1,,,,2.7,,70,,83,,6.3,.4,1017.9,,1028.7,,,9,,9,,,8,0,Ci,,2000,,,-.3,,.6,-.1,-.3,-.1
108,서울,2021-01-25 08:00,3.4,,,,2.1,,70,,81,,6.3,.4,1017.9,,1028.7,,0,,0,,,,8,0,Ci,,2000,,,-.2,,.6,-.1,-.3,-.1
108,서울,2021-01-25 09:00,4.4,,,,2.4,,70,,78,,6.5,.8,1017.3,,1028,,0,,.16,,,,9,0,Ci,,2000,,,-.1,,.6,-.1,-.3,-.1
108,서울,2021-01-25 10:00,6.4,,,,2.5,,70,,71,,6.8,1.5,1017.3,,1027.9,,.6,,.75,,,,10,0,Cs,,2000,,,.4,,.8,0,-.3,-.1
108,서울,2021-01-25 11:00,8.4,,,,3,,50,,63,,6.9,1.7,1017.1,,1027.6,,.9,,1.3,,,,6,0,Ci,,2000,,,4.7,,1.2,.1,-.3,-.1
108,서울,2021-01-25 12:00,9.8,,,,3,,70,,59,,7.1,2.1,1016.4,,1026.9,,1,,1.5,,,,4,0,Ci,,2000,,,9.2,,1.8,.4,-.3,-.1
108,서울,2021-01-25 13:00,11.2,,,,1.8,,70,,53,,7,1.9,1015.8,,1026.2,,1,,1.69,,,,7,0,Ci,,2000,,,12,,2.4,.6,-.3,-.1
108,서울,2021-01-25 14:00,12.5,,,,3,,70,,46,,6.6,1.1,1014.3,,1024.7,,1,,1.68,,,,2,0,Ci,,2000,,,13.6,0,3,.9,-.3,-.1
108,서울,2021-01-25 15:00,13.3,,,,2.7,,50,,44,,6.7,1.2,1013.2,,1023.5,,1,,1.75,,,,5,0,Ci,,2000,,,12.6,0,3.3,1.2,-.3,-.1
108,서울,2021-01-25 16:00,13.7,,,,2.6,,90,,40,,6.2,.3,1013.1,,1023.4,,1,,1.25,,,,2,0,Cc,,2000,,,8.6,,3.5,1.4,-.3,-.1
108,서울,2021-01-25 17:00,13.1,,,,1.5,,110,,37,,5.6,-1.2,1013,,1023.3,,.8,,.55,,,,3,0,Cc,,2000,,,5.9,,3.5,1.4,-.3,-.1
108,서울,2021-01-25 18:00,11.7,,,,1.6,,110,,40,,5.5,-1.4,1013.1,,1023.5,,.3,,.11,,,,2,0,Ci,,2000,,,3.3,,3,1.3,-.3,-.1
108,서울,2021-01-25 19:00,10.9,,,,.5,,90,,44,,5.8,-.8,1013,,1023.4,,,9,,9,,,5,5,,52,2000,,,2.4,,2.5,1.1,-.3,-.1
108,서울,2021-01-25 20:00,9.9,,,,.9,,50,,48,,5.8,-.6,1012.6,,1023.1,,,9,,9,,,6,2,,,2000,,,1.1,,2.2,.9,-.3,-.1
108,서울,2021-01-25 21:00,9.3,,,,.8,,70,,50,,5.8,-.6,1012.1,,1022.5,,,9,,9,,,8,0,Ci,,2000,,,.8,,1.9,.7,-.3,-.1
108,서울,2021-01-25 22:00,8.5,,,,1.1,,230,,55,,6.1,0,1012.1,,1022.6,,,9,,9,,,9,5,,50,2000,,,.4,,1.7,.6,-.3,-.1
108,서울,2021-01-25 23:00,8,,,,.8,,250,,63,,6.7,1.3,1012.3,,1022.8,,,9,,9,,,9,7,,48,1988,,,.4,,1.5,.5,-.3,-.1
108,서울,2021-01-26 00:00,7.4,,,,1.8,,250,,65,,6.7,1.2,1011.8,,1022.3,,,9,,9,,,9,0,,,1953,,,.2,,1.3,.4,-.3,-.1
108,서울,2021-01-26 01:00,7.1,,,,1.9,,270,,65,,6.5,.9,1011.6,,1022.2,,,9,,9,,,10,10,,49,2000,,,.5,,1.2,.3,-.3,-.1
108,서울,2021-01-26 02:00,7,,,,1.1,,50,,68,,6.8,1.4,1011.1,,1021.7,,,9,,9,,,10,10,,48,1998,,,.5,,1.1,.3,-.3,-.1
108,서울,2021-01-26 03:00,6.6,,,,1.9,,50,,68,,6.6,1.1,1010.7,,1021.3,,,9,,9,,,9,9,Ac,43,2000,,,.6,,1.2,.3,-.3,-.1
108,서울,2021-01-26 04:00,6.5,,,,1.9,,50,,67,,6.5,.8,1009.9,,1020.5,,,9,,9,,,9,9,Ac,39,2000,,,.7,,1.2,.3,-.3,-.1
108,서울,2021-01-26 05:00,6.1,,,,1.4,,50,,67,,6.3,.4,1009.3,,1019.9,,,9,,9,,,9,9,Ac,39,2000,,,.3,,1.2,.3,-.3,-.1
108,서울,2021-01-26 06:00,5.9,,,,2,,50,,68,,6.3,.4,1009.2,,1019.8,,,9,,9,,,9,7,AcCi,41,2000,,,.2,,1.1,.2,-.3,-.1
108,서울,2021-01-26 07:00,6.2,,,,3,,290,,72,,6.8,1.5,1009.7,,1020.3,,,9,,9,,,9,7,AcCi,34,1967,,,.5,,1.1,.2,-.3,-.1
108,서울,2021-01-26 08:00,5.8,,,,1.6,,250,,74,,6.8,1.5,1009.6,,1020.2,,0,,.01,,,,10,10,As,26,1149,,,1,,1.1,.2,-.3,-.1
108,서울,2021-01-26 09:00,5.9,,0,,.6,,250,,73,,6.8,1.4,1009.7,,1020.3,,0,,.06,,,,10,7,ScAs,13,1067,,01,1.6,,1.2,.3,-.3,-.1
108,서울,2021-01-26 10:00,5.9,,,9,1.7,,90,,82,,7.6,3,1009.5,,1020.1,,0,,.11,,,,10,8,StNs,10,752,,1901,2.6,,1.4,.3,-.3,-.1
108,서울,2021-01-26 11:00,6,,,9,1.1,,110,,86,,8,3.8,1009.7,,1020.3,,0,,.21,,,,10,6,StNs,4,723,,1901,3.4,,1.6,.5,-.3,-.1
108,서울,2021-01-26 12:00,6.1,,1.3,,.6,,70,,88,,8.2,4.2,1009.1,,1019.7,,0,,.25,,,,10,5,ScAs,8,961,,1901,4.3,,1.9,.6,-.3,-.1
108,서울,2021-01-26 13:00,6.5,,,9,2.1,,200,,86,,8.3,4.3,1008.4,,1018.9,,0,,.37,,,,10,7,ScAs,8,1058,,1901,5.6,,2.1,.8,-.3,-.1
108,서울,2021-01-26 14:00,7,,,9,2.8,,180,,84,,8.4,4.4,1007.1,,1017.6,,0,,.53,,,,10,7,ScAs,8,785,,19,7.2,,2.6,1,-.3,-.1
108,서울,2021-01-26 15:00,6.9,,0,,2.9,,230,,86,,8.5,4.7,1007,,1017.5,,0,,.27,,,,10,10,St,6,553,,1902,5.1,,2.8,1.3,-.2,-.1
108,서울,2021-01-26 16:00,6.4,,,9,2.3,,250,,92,,8.8,5.1,1006.8,,1017.3,,0,,.09,,,,10,10,St,2,204,,1902,4.4,,2.8,1.3,-.2,-.1
108,서울,2021-01-26 17:00,5.4,,,9,2.7,,270,,95,,8.5,4.6,1007.4,,1018,,0,,.04,,,,10,10,St,2,148,,1902,3.8,,2.7,1.3,-.2,-.1
108,서울,2021-01-26 18:00,5.2,,.4,,3.2,,290,,94,,8.3,4.3,1008.2,,1018.8,,0,,.01,,,,10,10,St,6,779,,1902,3.2,,2.5,1.2,-.2,-.1
108,서울,2021-01-26 19:00,4.7,,,9,2.6,,270,,88,,7.5,2.8,1009.4,,1020,,,9,,9,,,10,5,,3,1225,,19,2.4,,2.3,1.1,-.2,-.1
108,서울,2021-01-26 20:00,4.3,,,9,2.5,,320,,82,,6.8,1.4,1009.5,,1020.1,,,9,,9,,,10,9,,5,1649,,,1.4,,2.1,1,-.2,0
108,서울,2021-01-26 21:00,3.8,,,9,3.1,,290,,82,,6.6,1,1010,,1020.7,,,9,,9,,,7,7,Sc,5,1551,,,.7,,1.8,.9,-.2,0
108,서울,2021-01-26 22:00,3.3,,,9,1.8,,270,,82,,6.3,.5,1010.7,,1021.4,,,9,,9,,,8,8,,5,1380,,,0,,1.6,.7,-.2,0
108,서울,2021-01-26 23:00,2.4,,,9,.6,,290,,82,,6,-.3,1011,,1021.7,,,9,,9,,,0,0,,,1186,,,-.1,,1.3,.5,-.2,0
108,서울,2021-01-27 00:00,1.7,,,9,1.5,,230,,84,,5.8,-.7,1011.4,,1022.2,,,9,,9,,,2,0,,,1104,,,-.2,,1,.3,-.2,0
108,서울,2021-01-27 01:00,1.4,,,,1.6,,250,,85,,5.8,-.8,1011.9,,1022.7,,,9,,9,,,4,0,,,915,,19,-.3,,.8,.2,-.2,0
108,서울,2021-01-27 02:00,1,,,,1.6,,250,,81,,5.3,-1.9,1012.7,,1023.5,,,9,,9,,,6,0,,,1102,,19,-.4,,.7,.1,-.3,0
108,서울,2021-01-27 03:00,.6,,,,2.1,,270,,76,,4.9,-3.1,1013.4,,1024.2,,,9,,9,,,7,0,Ci,,1307,,,-.5,,.6,0,-.3,0
108,서울,2021-01-27 04:00,.1,,,,1.3,,270,,69,,4.2,-4.9,1013.7,,1024.6,,,9,,9,,,8,0,Ci,,1731,,,-.6,,.6,-.1,-.3,0
108,서울,2021-01-27 05:00,-.4,,,,1.7,,270,,66,,3.9,-5.9,1014,,1024.9,,,9,,9,,,7,0,Ci,,2000,,,-.8,,.6,-.1,-.3,0
108,서울,2021-01-27 06:00,-1,,,,1,,200,,65,,3.7,-6.7,1014.2,,1025.1,,,9,,9,,,6,0,Ci,,2000,,,-.9,,.6,-.1,-.3,0
108,서울,2021-01-27 07:00,-1.4,,,,.4,,0,,61,,3.4,-7.9,1014.2,,1025.1,,,9,,9,,,4,0,Ci,,2000,,,-1.1,,.5,-.1,-.3,0
108,서울,2021-01-27 08:00,-1.8,,,,2,,270,,67,,3.6,-7.1,1014.7,,1025.7,,0,,.01,,,,6,0,Ci,,2000,,,-1,,.5,-.1,-.3,0
108,서울,2021-01-27 09:00,-1.2,,,,.8,,250,,59,,3.3,-8.2,1014.6,,1025.5,,.6,,.26,,,,4,0,Ci,,2000,,,-.7,,.5,-.1,-.3,0
108,서울,2021-01-27 10:00,.9,,,,3.9,,290,,43,,2.8,-10.2,1014.6,,1025.4,,1,,1.01,,,,1,0,Ci,,2000,,,-.1,,.5,-.1,-.3,0
108,서울,2021-01-27 11:00,2.6,,,,3,,270,,35,,2.6,-11.3,1015,,1025.8,,1,,1.63,,,,1,0,Ci,,2000,,,.6,,.6,-.1,-.3,0
108,서울,2021-01-27 12:00,3.9,,,,2.9,,270,,30,,2.4,-12.1,1013.9,,1024.6,,1,,1.9,,,,4,0,Ci,,2000,,,3.4,,.6,-.1,-.3,0
108,서울,2021-01-27 13:00,5.6,,,,4.3,,360,,21,,1.9,-15,1012.5,,1023.1,,1,,2.27,,,,1,0,Ci,,2000,,,9,,.6,-.1,-.3,0
108,서울,2021-01-27 14:00,6.5,,,,3.1,,270,,24,,2.3,-12.6,1012.4,,1023,,1,,2.07,,,,8,0,Ci,,2000,,,9.5,,.7,-.1,-.3,0
108,서울,2021-01-27 15:00,6,,,,3.8,,270,,23,,2.1,-13.6,1012.4,,1023,,.9,,1.38,,,,8,0,Ci,,2000,,,7.9,,.9,.1,-.3,0
108,서울,2021-01-27 16:00,5.6,,,,3,,270,,25,,2.3,-12.9,1012.7,,1023.3,,1,,1.2,,,,8,0,Ci,,2000,,,3.9,,1.1,.2,-.3,0
108,서울,2021-01-27 17:00,4.8,,,,3.3,,250,,25,,2.1,-13.6,1012.9,,1023.6,,.9,,.57,,,,8,0,Ci,,2000,,,1.3,,1.2,.3,-.2,0
108,서울,2021-01-27 18:00,3.6,,,,3.2,,250,,31,,2.5,-11.9,1012.3,,1023,,0,,.1,,,,8,0,Ci,,2000,,,-.1,,1.1,.3,-.2,0
108,서울,2021-01-27 19:00,2.6,,,,3.2,,290,,41,,3,-9.3,1012.1,,1022.8,,,9,,9,,,6,4,,44,2000,,,-.1,,1,.2,-.2,0
108,서울,2021-01-27 20:00,1.5,,,,2.6,,270,,47,,3.2,-8.6,1011.8,,1022.6,,,9,,9,,,6,0,,,2000,,,-.3,,.8,.2,-.2,0
108,서울,2021-01-27 21:00,1.1,,,,1.6,,180,,49,,3.2,-8.4,1011.7,,1022.5,,,9,,9,,,6,0,Ci,,2000,,,-.5,,.7,.1,-.2,0
108,서울,2021-01-27 22:00,.8,,,,1.9,,180,,51,,3.3,-8.2,1011.7,,1022.5,,,9,,9,,,5,1,,47,2000,,,-.6,,.7,0,-.3,0
108,서울,2021-01-27 23:00,.5,,,,1.4,,270,,49,,3.1,-9,1011.3,,1022.1,,,9,,9,,,9,4,,65,2000,,,-.5,,.6,0,-.3,0
108,서울,2021-01-28 00:00,.7,,,,1.7,,290,,48,,3.1,-9,1010.8,,1021.6,,,9,,9,,,8,0,,,2000,,,-.5,,.6,-.1,-.3,0
108,서울,2021-01-28 01:00,.3,,,,.5,,360,,47,,2.9,-9.7,1009.4,,1020.2,,,9,,9,,,9,4,,53,2000,,,-.6,,.6,-.1,-.3,0
108,서울,2021-01-28 02:00,.2,,,,2.2,,20,,48,,3,-9.5,1008.7,,1019.5,,,9,,9,,,9,7,,37,2000,,,-.6,,.5,-.1,-.3,0
108,서울,2021-01-28 03:00,.1,,,,2.1,,20,,49,,3,-9.3,1008,,1018.8,,,9,,9,,,8,0,Ci,,2000,,,-.6,,.5,-.1,-.3,.1
108,서울,2021-01-28 04:00,.1,,,,1.8,,50,,51,,3.1,-8.8,1006.7,,1017.5,,,9,,9,,,9,0,Ci,,2000,,,-.5,,.5,-.1,-.3,.1
108,서울,2021-01-28 05:00,-.4,,,,2.4,,50,,52,,3.1,-9,1005.9,,1016.7,,,9,,9,,,8,2,AcCi,36,2000,,,-.9,,.5,-.1,-.3,.1
108,서울,2021-01-28 06:00,-.1,,,,1.2,,90,,53,,3.2,-8.5,1004.9,,1015.7,,,9,,9,,,8,3,AcCi,33,2000,,,-.6,,.5,-.1,-.3,.1
108,서울,2021-01-28 07:00,-.2,,,,.6,,70,,54,,3.2,-8.4,1005,,1015.8,,,9,,9,,,8,2,AcCi,30,2000,,,-.9,,.5,-.1,-.3,.1
108,서울,2021-01-28 08:00,-.3,,,,2,,20,,56,,3.3,-8,1004.3,,1015.1,,0,,.02,,,,8,4,AcCi,41,2000,,,-.6,,.5,-.1,-.3,.1
108,서울,2021-01-28 09:00,.7,,,,1.7,,50,,55,,3.5,-7.3,1002.4,,1013.1,,0,,.15,,,,9,9,Ac,29,2000,,,-.2,,.6,-.1,-.3,.1
108,서울,2021-01-28 10:00,.5,,,9,4.6,,200,,81,,5.2,-2.3,1002.3,,1013,,0,,.11,,.7,,10,9,StNs,2,70,,05,-.2,,.6,-.1,-.3,.1
108,서울,2021-01-28 11:00,.3,,,9,4,,200,,93,,5.8,-.7,1002.3,,1013,,0,,.1,,3.6,,10,9,StNs,2,468,,1905,-.2,,.6,-.1,-.3,.1
108,서울,2021-01-28 12:00,.8,,2,,4.2,,270,,82,,5.3,-1.9,1002.6,,1013.3,,0,,.35,,3.5,3.6,9,7,ScAs,6,1988,,19,-.2,,.6,-.1,-.3,.1
108,서울,2021-01-28 13:00,.3,,,9,5.1,,290,,65,,4.1,-5.5,1002.9,,1013.7,,0,,.61,,3.2,,8,8,Sc,10,1834,,,-.1,,.6,-.1,-.3,.1
108,서울,2021-01-28 14:00,.9,,,9,7.3,,270,,39,,2.5,-11.5,1003.3,,1014,,.6,,1.76,,1.9,,5,5,Sc,13,1921,,,-.1,,.6,-.1,-.3,.1
108,서울,2021-01-28 15:00,0,,,9,4.3,,270,,44,,2.7,-10.8,1004.3,,1015.1,,.7,,1.61,,1,,3,3,Sc,14,2000,,,-.1,,.6,-.1,-.3,.1
108,서울,2021-01-28 16:00,-1.3,,,9,5.4,,270,,41,,2.3,-12.8,1005.5,,1016.3,,.6,,.93,,.8,,3,3,Sc,16,2000,,,-.1,,.5,-.1,-.3,.1
108,서울,2021-01-28 17:00,-3.3,,,9,6.8,,290,,38,,1.8,-15.6,1006.4,,1017.3,,.2,,.36,,.8,,7,7,Sc,18,2000,,,-.1,,.5,-.1,-.3,.1
108,서울,2021-01-28 18:00,-4.6,,,9,6.7,,270,,39,,1.7,-16.4,1007.2,,1018.2,,.2,,.14,,.8,,2,2,Sc,17,2000,,,-.1,,.5,-.1,-.3,.1
108,서울,2021-01-28 19:00,-5.6,,,9,5.2,,270,,46,,1.8,-15.4,1008,,1019,,,9,,9,.8,,0,0,,,2000,,,-.2,,.5,-.1,-.3,.1
108,서울,2021-01-28 20:00,-6.8,,,9,5.3,,270,,53,,1.9,-14.8,1009.2,,1020.3,,,9,,9,.8,,4,4,,13,2000,,,-.3,,.5,-.1,-.3,.1
108,서울,2021-01-28 21:00,-7.7,,,9,5,,270,,52,,1.8,-15.8,1010.3,,1021.5,,,9,,9,.8,,2,2,Sc,11,2000,,,-.5,,.5,-.1,-.3,.2
108,서울,2021-01-28 22:00,-8.4,,,9,5.5,,290,,50,,1.6,-16.9,1010.8,,1022,,,9,,9,.8,,0,0,,,2000,,,-.6,,.5,-.1,-.3,.2
108,서울,2021-01-28 23:00,-8.9,,,9,6.2,,270,,46,,1.4,-18.4,1011.6,,1022.8,,,9,,9,.8,,0,0,,,2000,,,-.8,,.5,-.1,-.3,.2
108,서울,2021-01-29 00:00,-9.7,,,9,7.1,,270,,44,,1.3,-19.6,1012.4,,1023.7,,,9,,9,.8,,0,0,,,2000,,,-1,,.5,-.1,-.3,.2
108,서울,2021-01-29 01:00,-10.1,,,,5.7,,270,,43,,1.2,-20.3,1013,,1024.3,,,9,,9,.7,,1,0,,,2000,,,-1.2,,.5,-.1,-.3,.2
108,서울,2021-01-29 02:00,-10.6,,,,6.4,,270,,41,,1.1,-21.3,1013.9,,1025.2,,,9,,9,.7,,0,0,,,2000,,,-1.4,,.5,-.1,-.3,.2
108,서울,2021-01-29 03:00,-10.9,,,,5.1,,270,,44,,1.2,-20.7,1014.3,,1025.6,,,9,,9,.7,,0,0,,,2000,,,-1.6,,.5,-.1,-.3,.2
108,서울,2021-01-29 04:00,-11.2,,,,3.2,,270,,46,,1.2,-20.5,1014.4,,1025.8,,,9,,9,.7,,0,0,,,2000,,,-1.8,,.5,-.1,-.3,.2
108,서울,2021-01-29 05:00,-11.3,,,,4.1,,270,,44,,1.1,-21.1,1014.5,,1025.9,,,9,,9,.7,,0,0,,,2000,,,-2,,.5,-.1,-.3,.2
108,서울,2021-01-29 06:00,-11.6,,,,3.2,,270,,47,,1.2,-20.6,1014.8,,1026.2,,,9,,9,.7,,0,0,,,2000,,,-2.2,,.5,-.1,-.3,.2
108,서울,2021-01-29 07:00,-11.5,,,,4.1,,270,,47,,1.2,-20.5,1015.4,,1026.8,,,9,,9,.7,,0,0,,,2000,,,-2.3,,.4,-.1,-.3,.2
108,서울,2021-01-29 08:00,-11.5,,,,3.8,,290,,42,,1.1,-21.8,1016.2,,1027.6,,.2,,.03,,.7,,0,0,,,2000,,,-2.4,,.4,-.1,-.3,.2
108,서울,2021-01-29 09:00,-11,,,,2.7,,270,,41,,1.1,-21.7,1016.5,,1027.9,,1,,.39,,.6,,0,0,,,2000,,,-2.8,,.4,-.2,-.3,.2
108,서울,2021-01-29 10:00,-9.9,,,,3.9,,270,,37,,1.1,-21.8,1016.6,,1027.9,,1,,1.15,,.5,,0,0,,,2000,,,-1.5,,.4,-.2,-.3,.2
108,서울,2021-01-29 11:00,-8.6,,,,3.6,,290,,34,,1.1,-21.6,1017.1,,1028.4,,1,,1.72,,.5,,0,0,,,2000,,,-.7,,.4,-.1,-.3,.2
108,서울,2021-01-29 12:00,-8.3,,,,4.6,,290,,31,,1,-22.4,1016.5,,1027.8,,1,,2.15,,.5,,0,0,,,2000,,,-.2,,.4,-.1,-.3,.2
108,서울,2021-01-29 13:00,-7.3,,,,4.8,,290,,31,,1.1,-21.5,1015.9,,1027.1,,1,,2.32,,.3,,0,0,,,2000,,,-.1,,.4,-.1,-.3,.2
108,서울,2021-01-29 14:00,-6.3,,,,4.2,,290,,33,,1.3,-19.9,1015.4,,1026.6,,1,,2.26,,,,0,0,,,2000,,,-.1,,.4,-.1,-.3,.2
108,서울,2021-01-29 15:00,-5.8,,,,4.6,,320,,31,,1.2,-20.2,1015.5,,1026.6,,1,,1.97,,,,0,0,,,2000,,,-.1,,.4,-.1,-.3,.2
108,서울,2021-01-29 16:00,-5,,,,3.2,,270,,33,,1.4,-18.8,1015.6,,1026.7,,1,,1.46,,,,0,0,,,2000,,,-.3,,.4,-.1,-.3,.2
108,서울,2021-01-29 17:00,-5.5,,,,3.3,,270,,33,,1.3,-19.2,1015.7,,1026.8,,1,,.8,,,,0,0,,,2000,,,-.7,,.4,-.1,-.3,.2
108,서울,2021-01-29 18:00,-6.6,,,,3.2,,290,,35,,1.3,-19.5,1015.6,,1026.8,,.4,,.17,,,,0,0,,,2000,,,-1.3,,.3,-.2,-.3,.2
108,서울,2021-01-29 19:00,-7.1,,,,1.7,,270,,38,,1.4,-19,1015.4,,1026.6,,,9,,9,,,0,0,,,2000,,,-1.7,,.3,-.2,-.3,.3
108,서울,2021-01-29 20:00,-7.6,,,,1.8,,270,,39,,1.4,-19.1,1015.8,,1027,,,9,,9,,,0,0,,,2000,,,-2,,.2,-.2,-.3,.3
108,서울,2021-01-29 21:00,-8,,,,1.8,,50,,43,,1.4,-18.4,1015.7,,1026.9,,,9,,9,,,0,0,,,2000,,,-2.3,,.2,-.2,-.3,.3
108,서울,2021-01-29 22:00,-8.1,,,,1.3,,20,,45,,1.5,-17.9,1016.1,,1027.3,,,9,,9,,,0,0,,,2000,,,-2.7,,.1,-.2,-.3,.3
108,서울,2021-01-29 23:00,-8,,,,1.1,,340,,49,,1.6,-16.8,1016.4,,1027.6,,,9,,9,,,1,0,,,2000,,,-3,,0,-.2,-.3,.3
108,서울,2021-01-30 00:00,-8.2,,,,.7,,340,,48,,1.6,-17.2,1016.2,,1027.4,,,9,,9,,,2,2,,,2000,,,-3.3,,0,-.2,-.3,.3
108,서울,2021-01-30 01:00,-6.9,,,,1.5,,90,,49,,1.8,-15.8,1016.2,,1027.4,,,9,,9,,,0,0,,,2000,,,-2.5,,0,-.2,-.3,.3
108,서울,2021-01-30 02:00,-6.4,,,,3.3,,50,,49,,1.9,-15.3,1015.2,,1026.4,,,9,,9,,,4,4,,14,2000,,,-2.6,,0,-.2,-.3,.3
108,서울,2021-01-30 03:00,-6.4,,,,3.2,,50,,52,,2,-14.6,1015.2,,1026.4,,,9,,9,,,9,9,Sc,10,2000,,,-2.3,,0,-.3,-.3,.3
108,서울,2021-01-30 04:00,-6.1,,,9,2.8,,70,,51,,2,-14.6,1014.2,,1025.3,,,9,,9,,,9,9,Sc,7,2000,,05,-2.2,,0,-.3,-.3,.3
108,서울,2021-01-30 05:00,-5.9,,,9,2.4,,70,,51,,2,-14.4,1013.5,,1024.6,,,9,,9,,,9,9,Sc,7,2000,,05,-2.1,,0,-.3,-.3,.3
108,서울,2021-01-30 06:00,-5.7,,0,,3.8,,50,,53,,2.1,-13.7,1013.1,,1024.2,,,9,,9,,,9,9,Sc,6,2000,,05,-2.2,,0,-.3,-.3,.3
108,서울,2021-01-30 07:00,-5.5,,,9,3.2,,50,,54,,2.2,-13.3,1013,,1024.1,,,9,,9,,,9,9,Sc,6,2000,,,-2.1,,0,-.3,-.3,.3
108,서울,2021-01-30 08:00,-5.4,,,9,3.2,,50,,58,,2.4,-12.3,1013.1,,1024.2,,0,,.01,,,,9,9,Sc,5,1970,,05,-2,,0,-.3,-.3,.3
108,서울,2021-01-30 09:00,-5.6,,.2,,3.7,,50,,72,,2.9,-9.8,1013.1,,1024.2,,0,,.04,,,,9,9,Sc,5,433,,05,-1.7,,0,-.3,-.3,.3
108,서울,2021-01-30 10:00,-4.7,,,9,2.1,,50,,80,,3.5,-7.6,1013.5,,1024.6,,0,,.19,,.8,,9,9,Sc,5,1809,,05,-1.1,,.1,-.3,-.3,.4
108,서울,2021-01-30 11:00,-3.4,,,9,1.9,,70,,79,,3.8,-6.5,1013.7,,1024.7,,.2,,.56,,.6,,9,9,Sc,5,2000,,05,-.5,,.1,-.3,-.3,.4
108,서울,2021-01-30 12:00,-.8,,.3,,1.8,,50,,73,,4.2,-5,1013.5,,1024.4,,1,,1.68,,,.8,4,4,Sc,8,2000,,,-.1,,.2,-.3,-.3,.4
108,서울,2021-01-30 13:00,2.9,,,9,2.6,,180,,68,,5.1,-2.4,1013,,1023.7,,1,,2.01,,,,0,0,,,2000,,,1.8,,.3,-.2,-.3,.4
108,서울,2021-01-30 14:00,3.7,,,9,4.5,,290,,65,,5.2,-2.2,1013.5,,1024.2,,.9,,1.93,,,,7,7,Sc,7,1357,,,2.6,,.4,-.2,-.3,.4
108,서울,2021-01-30 15:00,4.4,,,9,3.3,,270,,52,,4.3,-4.6,1013.9,,1024.6,,.9,,1.73,,,,0,0,,,1954,,,3.3,,.4,-.2,-.3,.4
108,서울,2021-01-30 16:00,4.9,,,9,2.6,,290,,48,,4.2,-5.2,1014.4,,1025.1,,1,,1.39,,,,0,0,,,2000,,,1,,.4,-.2,-.3,.4
108,서울,2021-01-30 17:00,4.3,,,9,3.8,,250,,41,,3.4,-7.8,1015.1,,1025.8,,1,,.74,,,,0,0,,,2000,,,-.4,,.4,-.2,-.3,.4
108,서울,2021-01-30 18:00,2.7,,,9,2.9,,250,,44,,3.3,-8.3,1015.6,,1026.4,,.4,,.18,,,,0,0,,,2000,,,-.1,,.4,-.2,-.3,.4
108,서울,2021-01-30 19:00,1.6,,,9,1.7,,270,,51,,3.5,-7.4,1016.5,,1027.3,,,9,,9,,,0,0,,,2000,,,-.2,,.4,-.2,-.3,.4
108,서울,2021-01-30 20:00,.8,,,9,.5,,270,,54,,3.5,-7.4,1016.7,,1027.6,,,9,,9,,,0,0,,,2000,,,-.3,,.4,-.2,-.3,.4
108,서울,2021-01-30 21:00,.1,,,9,1.6,,270,,61,,3.8,-6.5,1017.4,,1028.3,,,9,,9,,,0,0,,,1998,,,-.4,,.4,-.2,-.3,.4
108,서울,2021-01-30 22:00,-.7,,,9,.9,,270,,64,,3.7,-6.6,1017.6,,1028.5,,,9,,9,,,0,0,,,1855,,,-.6,,.4,-.2,-.3,.5
108,서울,2021-01-30 23:00,-1.3,,,9,1.3,,250,,70,,3.9,-6,1018.1,,1029.1,,,9,,9,,,0,0,,,1541,,,-.7,,.4,-.2,-.3,.5
108,서울,2021-01-31 00:00,-1.5,,,9,1.4,,290,,73,,4,-5.7,1018.5,,1029.5,,,9,,9,,,0,0,,,1354,,,-.9,,.4,-.2,-.3,.5
